"id","firstName","lastName","adp","projectedPoints","positionRank","slotName","teamName","lineupStatus","byeWeek"
"7cce89fd-20ef-4748-bb7e-cd812ba80067","Davante","Adams","1.8","38.5","W/T1","WR","Green Bay Packers",,
"9ad3cbf4-7c72-4d45-ab0d-83b8845fc7ce","Cooper","Kupp","1.9","51.3","W/T2","WR","Los Angeles Rams",,
"d604c1b7-0e81-4a85-bffb-b8c1f77c1765","Tyreek","Hill","3.4","37.8","W/T3","WR","Kansas City Chiefs",,
"4a444ba1-3e79-426e-88aa-a04dc5ddb2c0","Jonathan","Taylor","5.1","29.2","RB1","RB","Indianapolis Colts",,
"9bd6f119-fc88-4f4e-9740-59929f9194f9","Travis","Kelce","5.5","28.9","W/T4","TE","Kansas City Chiefs",,
"ae5a1e52-2d67-4bce-b909-9bc75e897189","Patrick","Mahomes","8.2","50.1","QB1","QB","Kansas City Chiefs",,
"dcc295df-9d81-426b-910e-d215bd915ceb","Leonard","Fournette","8.3","33.5","RB2","RB","Tampa Bay Buccaneers",,
"a44dcfaf-e8c0-405c-9bf8-d222d61898a9","Tom","Brady","8.3","62.2","QB2","QB","Tampa Bay Buccaneers",,
"77834042-9b99-49d9-b4cd-b2b58f507884","Stefon","Diggs","9.6","22.3","W/T5","WR","Buffalo Bills",,
"daea0f57-49d6-4743-972c-b0f7f418042b","Mike","Evans","11.0","37.8","W/T6","WR","Tampa Bay Buccaneers",,
"3d41ac31-ff2f-4740-8f8b-db21652bc000","Austin","Ekeler","11.7","26.7","RB3","RB","Los Angeles Chargers",,
"372a8fa7-1b33-48da-87ed-9223583f5f51","Aaron","Rodgers","11.9","47.6","QB3","QB","Green Bay Packers",,
"e2ecd199-07dc-4653-9956-c6708a97305d","Aaron","Jones","13.7","36.0","RB4","RB","Green Bay Packers",,
"20d7f83a-49b3-4d3e-9f7a-5dcb8394eb27","CeeDee","Lamb","15.6","25.3","W/T7","WR","Dallas Cowboys",,
"07e1d28c-b993-486b-9360-672045b66983","Josh","Allen","15.8","39.1","QB4","QB","Buffalo Bills",,
"9e39f4e9-ac36-4839-bc07-1ee692481cc9","Rob","Gronkowski","17.5","31.8","W/T8","TE","Tampa Bay Buccaneers",,
"f2cab0de-06c7-40e5-9f19-a605e8482bd4","Clyde","Edwards-Helaire","18.8","20.5","RB5","RB","Kansas City Chiefs",,
"45982599-09a3-4292-badc-101dd93af816","Keenan","Allen","19.0","19.0","W/T9","WR","Los Angeles Chargers",,
"2cb0ae92-198e-420f-a8f1-79d87699b391","Antonio","Brown","19.0","40.8","W/T10","WR","Tampa Bay Buccaneers",,
"4fd4bf90-4658-461b-b28b-ec589d12b879","Derrick","Henry","19.6","41.1","RB6","RB","Tennessee Titans",,
"2cffa39e-c3cf-4a19-bbf2-308f17a48f56","Deebo","Samuel","20.2","14.4","W/T11","WR","San Francisco 49ers",,
"cc37b9fb-fbb3-4792-98f3-f96a3b874838","Matthew","Stafford","22.9","52.5","QB5","QB","Los Angeles Rams",,
"293abf44-bc69-4dda-9d54-5026856d5ae8","George","Kittle","24.5","8.2","W/T12","TE","San Francisco 49ers",,
"10f7b17c-697b-43ca-adaa-f0da9fa55841","Kyler","Murray","27.2","54.6","QB6","QB","Arizona Cardinals",,
"06c8587c-5be3-4c16-941d-474d220ec259","Amari","Cooper","27.4","20.7","W/T13","WR","Dallas Cowboys",,
"c2573e9b-0768-48e2-8262-b6dbbb63b0aa","Justin","Herbert","28.6","32.9","QB7","QB","Los Angeles Chargers",,
"ad3008df-5491-40f3-952a-e52a56eda8c3","Ezekiel","Elliott","28.7","27.5","RB7","RB","Dallas Cowboys",,
"d6616b2e-57b5-4b49-ae88-6705b730c775","Darrell","Henderson","29.7","35.7","RB8","RB","Los Angeles Rams",,
"7449c169-5a87-476b-bf5d-b8720b5bd7ef","James","Conner","30.3","33.3","RB9","RB","Arizona Cardinals",,
"1e254501-c36f-4d84-9a92-ff59bfe38b27","Odell","Beckham","31.3","12.8","W/T14","WR","Los Angeles Rams",,
"c22fe0b8-2410-45cc-9e81-7d838da886c6","Mike","Williams","32.1","19.9","W/T15","WR","Los Angeles Chargers",,
"2e923685-6b45-472e-ab9c-b73341e8b92b","Mark","Andrews","33.1","21.9","W/T16","TE","Baltimore Ravens",,
"f8525a1e-17a5-4932-b2b6-b70187ba016a","AJ","Dillon","33.1","21.8","RB10","RB","Green Bay Packers",,
"1b13e65c-7c5c-40ee-b386-60ea6a1875b4","A.J.","Brown","35.2","19.1","W/T17","WR","Tennessee Titans",,
"8cbc9edc-cf77-429f-8762-26ada1ffc379","Dak","Prescott","35.5","37.9","QB8","QB","Dallas Cowboys",,
"bd0dbc49-a9d5-4050-86a8-1a95e9be7651","Christian","Kirk","38.3","26.0","W/T18","WR","Arizona Cardinals",,
"99150f95-8372-4115-801c-b0cfedc0c6f4","Damien","Harris","38.6","20.5","RB11","RB","New England Patriots",,
"9991286e-708f-4189-8f4f-fde3f756a10c","Justin","Jefferson","40.8","15.3","W/T19","WR","Minnesota Vikings",,
"1a65eea9-41ce-40af-b786-548d68617487","Van","Jefferson","41.9","19.4","W/T20","WR","Los Angeles Rams",,
"96be3156-548d-4a17-9b2f-39f618703a35","Dalvin","Cook","42.8","15.6","RB12","RB","Minnesota Vikings",,
"29199b0e-efdc-42dc-a2dd-80242054c365","Dawson","Knox","43.1","16.6","W/T21","TE","Buffalo Bills",,
"ae316a77-e0da-4ec5-9c3a-fd390444b341","Elijah","Mitchell","43.1","10.5","RB13","RB","San Francisco 49ers",,
"328ca049-44c3-437d-931e-fc05bddc2572","Marquez","Valdes-Scantling","43.7","12.2","W/T22","WR","Green Bay Packers",,
"5a4b0878-db4a-42d7-8e73-35e2981c8c6d","Michael","Pittman","45.6","19.4","W/T23","WR","Indianapolis Colts",,
"367c3e28-9d4e-4b93-8cff-01023fa99c5a","Lamar","Jackson","45.7","42.2","QB9","QB","Baltimore Ravens",,
"82f423a6-d098-4882-9e67-acb27f61b6be","Joe","Mixon","47.7","14.4","RB14","RB","Cincinnati Bengals",,
"69245d9c-5444-4c9c-8e53-296b002dd299","Ja'Marr","Chase","47.8","14.2","W/T24","WR","Cincinnati Bengals",,
"111f1e51-4537-4f58-bf42-ed9fa544e047","Marquise","Brown","50.4","25.7","W/T25","WR","Baltimore Ravens",,
"4a4208d2-6a06-4899-b1f0-f5f089893145","Michael","Gallup","50.8","9.6","W/T26","WR","Dallas Cowboys",,
"e9834565-47fc-4c4e-8704-cbaba40013e0","Darrel","Williams","50.9","23.1","RB15","RB","Kansas City Chiefs",,
"cd56aced-c437-459b-9904-983622342f92","Tony","Pollard","51.4","15.5","RB16","RB","Dallas Cowboys",,
"a3f58520-188b-4e40-9332-25f7a25665bd","Devin","Singletary","53.4","12.7","RB17","RB","Buffalo Bills",,
"108bdf54-6977-472c-99ad-ba44e0ea6d12","Sony","Michel","53.8","11.7","RB18","RB","Los Angeles Rams",,
"28f1f439-7964-453e-9151-e7f6c7b554c7","Ronald","Jones","53.8","8.6","RB19","RB","Tampa Bay Buccaneers",,
"bc85d4db-e91d-4552-b268-e029ab5433a0","Cole","Beasley","54.0","13.8","W/T27","WR","Buffalo Bills",,
"1ec8f966-fe8c-485d-9695-17a13a2abeed","DeAndre","Hopkins","54.5","31.9","W/T28","WR","Arizona Cardinals",,
"b78edbde-7951-48c1-88a8-dbeb8e90ff19","Gabriel","Davis","54.5","8.4","W/T29","WR","Buffalo Bills",,
"5c558bf9-4aa1-4724-90f7-c609b56ee2d3","Alvin","Kamara","54.5","10.8","RB20","RB","New Orleans Saints",,
"c84e833e-628b-401f-9dbf-cec150c5f45c","A.J.","Green","55.1","20.8","W/T30","WR","Arizona Cardinals",,
"b3ae090f-c834-41b9-8c17-afae8450de8a","Rhamondre","Stevenson","56.1","16.6","RB21","RB","New England Patriots",,
"7fef4e8c-648d-4d99-a2ef-f6f04228ebd4","Ryan","Tannehill","56.3","31.6","QB10","QB","Tennessee Titans",,
"c8ce8e58-0901-4ea7-9132-c45ea316f445","Mac","Jones","56.5","25.5","QB11","QB","New England Patriots",,
"52c30958-a6b1-4f20-a2f4-da97233f9e26","Brandon","Aiyuk","56.7","4.7","W/T31","WR","San Francisco 49ers",,
"80a13f6f-259a-4972-8085-f35372cc64af","Zach","Ertz","57.6","16.8","W/T32","TE","Arizona Cardinals",,
"ce4df7ff-3927-4af1-8662-83dbdfdf83c8","Allen","Lazard","57.8","15.0","W/T33","WR","Green Bay Packers",,
"c8755c58-097f-4bfd-aa63-2758b365f0e8","Hunter","Henry","57.8","16.5","W/T34","TE","New England Patriots",,
"f3152dc1-a860-47e0-b89e-1268f0cf423a","Jimmy","Garoppolo","57.9","13.5","QB12","QB","San Francisco 49ers",,
"2db8b624-efb0-4a77-a1a8-853aa108b2fa","Carson","Wentz","57.9","25.8","QB13","QB","Indianapolis Colts",,
"81d60378-f28c-43cd-83a6-22812175f5b7","Chase","Edmonds","57.9","21.7","RB22","RB","Arizona Cardinals",,
"8fc2b818-686d-4eee-a786-e745a710d99c","Mecole","Hardman","58.2","14.3","W/T35","WR","Kansas City Chiefs",,
"3f510207-1e7a-4487-b78d-aa41f87d6dd4","Joe","Burrow","58.6","17.1","QB14","QB","Cincinnati Bengals",,
"87cc6ada-4e8a-4ad9-b42d-37848d627df7","Nick","Chubb","58.6","9.6","RB23","RB","Cleveland Browns",,
"927746bd-0ec4-45d3-9809-d6154392ce5c","Tee","Higgins","58.6","9.1","W/T36","WR","Cincinnati Bengals",,
"e7a19620-7d46-4dba-9413-519eab98a5b3","Dalton","Schultz","58.7","15.2","W/T37","TE","Dallas Cowboys",,
"80a37f3a-fd78-476b-a5bc-6518868afdac","Julio","Jones","58.7","13.2","W/T38","WR","Tennessee Titans",,
"685b85ec-eb24-4a2a-87ff-7271b11f93f0","Jakobi","Meyers","59.1","15.1","W/T39","WR","New England Patriots",,
"7a7b3eaf-7662-4fad-949e-ac3e54abef39","Kendrick","Bourne","59.2","17.2","W/T40","WR","New England Patriots",,
"ca7982ac-396b-493f-9840-296e18e5ceb4","Tyler","Johnson","59.2","9.3","W/T41","WR","Tampa Bay Buccaneers",,
"d74d96b1-9e7b-41bd-aa8f-43337bf743ad","Byron","Pringle","59.2","13.6","W/T42","WR","Kansas City Chiefs",,
"6b3c3ba1-3d2b-402c-8208-8c32150ed645","Jared","Cook","59.2","9.9","W/T43","TE","Los Angeles Chargers",,
"920ddddd-4bae-45ac-8b94-0628ddec99d0","Diontae","Johnson","59.3","5.2","W/T44","WR","Pittsburgh Steelers",,
"2da08a63-ad82-468d-b3ec-3f595029b93a","Najee","Harris","59.3","6.6","RB24","RB","Pittsburgh Steelers",,
"09a24252-e0f7-4e0e-a30f-967a59ea05b2","Tyler","Higbee","59.4","16.1","W/T45","TE","Los Angeles Rams",,
"00e07179-ffde-4db9-b599-8d1cea94505c","Breshad","Perriman","59.5","0.0","W/T46","WR","Tampa Bay Buccaneers",,
"6f434365-3e72-4184-9d1e-10a6a224c46c","Devonta","Freeman","59.5","14.2","RB25","RB","Baltimore Ravens",,
"99128d1b-1312-409f-9ef9-b8bdf77474c0","Adam","Thielen","59.6","14.6","W/T47","WR","Minnesota Vikings",,
"b3eade5d-5571-4ac7-b369-7630ba80d551","Kirk","Cousins","59.6","21.5","QB15","QB","Minnesota Vikings",,
"6b96bd6b-4e95-4aa3-8c2d-3a6141b4333b","Cordarrelle","Patterson","59.6","0.9","RB26","RB","Atlanta Falcons",,
"b58426b8-bafb-4e53-a20e-db6df0105d81","Jalen","Hurts","59.6","11.6","QB16","QB","Philadelphia Eagles",,
"8a08719c-1145-4336-ae8b-8ec6ccf7cce3","Jalen","Guyton","59.7","4.0","W/T48","WR","Los Angeles Chargers",,
"d97c9fdd-66b1-48c0-9386-836f4df7791e","Rashod","Bateman","59.7","14.3","W/T49","WR","Baltimore Ravens",,
"4257eb4f-97e9-4c7a-885d-da5b493f94ff","Scott","Miller","59.8","0.0","W/T50","WR","Tampa Bay Buccaneers",,
"22177fdb-29fa-4098-a340-58eed052e45a","Jeff","Wilson","59.8","2.1","RB27","RB","San Francisco 49ers",,
"07dfc3e5-f2d1-40a4-99c7-129046dae010","Taysom","Hill","59.8","3.2","QB17","QB","New Orleans Saints",,
"6de864a4-8c34-43c1-ba4e-adcb98908f94","Tyler","Boyd","59.8","7.2","W/T51","WR","Cincinnati Bengals",,
"18046b7c-f74e-409b-ad0b-a22df5a54067","Emmanuel","Sanders","59.9","16.3","W/T52","WR","Buffalo Bills",,
"a14e925d-dc66-4d13-9a01-1f05af9cd06c","Randall","Cobb","59.9","17.5","W/T53","WR","Green Bay Packers",,
"372772bf-9703-43b8-b6e7-f66326ed4a08","Matt","Breida","59.9","10.7","RB28","RB","Buffalo Bills",,
"1e1d6071-fadd-4136-9ee2-d6a9aaeab024","D'Onta","Foreman","59.9","6.9","RB28","RB","Tennessee Titans",,
"3c9ce1f5-9f69-48db-9bd4-499784495751","Justin","Jackson","59.9","4.2","RB30","RB","Los Angeles Chargers",,
"b9ed1990-5a89-47c0-9ac7-bbb553a2fac1","Tyler","Conklin","59.9","8.5","W/T54","TE","Minnesota Vikings",,
"8999a74e-a4c8-46b2-a43f-aef1d817480c","Rondale","Moore","59.9","15.1","W/T55","WR","Arizona Cardinals",,
"713663f5-727b-4118-adc7-98082ffe6ce5","Zach","Pascal","59.9","9.9","W/T55","WR","Indianapolis Colts",,
"8bc68d2d-d52e-423a-9b79-5927ae8242ea","Nyheim","Hines","59.9","9.5","RB31","RB","Indianapolis Colts",,
"d4c6139f-e88d-4d17-895b-62e6e814bce5","Teddy","Bridgewater","59.9","4.6","QB18","QB","Denver Broncos",,
"34544348-4163-435f-a596-d0afadbaa13b","Russell","Wilson","59.9","1.0","QB18","QB","Seattle Seahawks",,
"1c69ed2c-4f2b-4d98-b704-2d25ee1bae0d","Tyler","Lockett","59.9","0.6","W/T57","WR","Seattle Seahawks",,
"e69f7c0b-c537-46bc-9eab-27e46835d6fe","Amon-Ra","St. Brown","59.9","0.0","W/T57","WR","Detroit Lions",,
"48c6d2a9-b9fc-4f4d-bd25-28e1b14ad1a7","Hunter","Renfrow","59.9","1.4","W/T59","WR","Las Vegas Raiders",,
"a86e8a9c-ad11-45e0-a8b9-d529f5408112","Josh","Palmer","59.9","0.0","W/T59","WR","Los Angeles Chargers",,
"81ce73d4-00f2-4cf3-a8dd-4c9fc60ccf3a","Latavius","Murray","60.0","14.3","RB32","RB","Baltimore Ravens",,
"aff0b5b7-4d27-4c10-8086-171732c88c68","Nelson","Agholor","60.0","10.6","W/T61","WR","New England Patriots",,
"cff726de-9cfb-4fae-85da-d59a1dd98e77","Josh","Gordon","60.0","6.2","W/T61","WR","Kansas City Chiefs",,
"3823c8ca-443f-4df4-a443-3bd46e0b2db9","DK","Metcalf","60.0","0.8","W/T61","WR","Seattle Seahawks",,
"5dbde37d-6541-4aeb-9a5c-fcffc7607fd0","Robert","Woods","60.0","29.6","W/T64","WR","Los Angeles Rams",,
"976a482f-12a0-4a56-8238-1c240c0d2165","Nick","Westbrook-Ikhine","60.0","9.9","W/T64","WR","Tennessee Titans",,
"daa56e8b-5ae0-45c9-a433-39a4671dcc6e","Cameron","Brate","60.0","8.3","W/T64","TE","Tampa Bay Buccaneers",,
"841830b4-d922-4ab8-a454-70184058b7b2","K.J.","Osborn","60.0","7.3","W/T64","WR","Minnesota Vikings",,
"64d0ebf0-2fba-41e3-ab16-fa59e14d1b2b","Zack","Moss","60.0","15.8","RB33","RB","Buffalo Bills",,
"2451afa4-3889-44af-8a21-9ef33bb540d1","Jeremy","McNichols","60.0","9.3","RB33","RB","Tennessee Titans",,
"6950a6e5-ad5d-4dcc-8d7b-e46626f8c4b7","Javonte","Williams","60.0","2.5","RB33","RB","Denver Broncos",,
"61607b11-5297-4174-a5c9-11da2404a364","Cam","Akers","60.0","0.0","RB33","RB","Los Angeles Rams",,
"221ded48-919f-41c8-b6c2-81a2af80e817","Giovani","Bernard","60.0","14.4","RB37","RB","Tampa Bay Buccaneers",,
"d5f6ebcc-2f44-4b2f-bde7-c15d867d67d9","Demarcus","Robinson","60.0","9.1","W/T68","WR","Kansas City Chiefs",,
"4d717caf-e9d3-48b6-b797-df4ee2b16222","MyCole","Pruitt","60.0","7.7","W/T68","TE","Tennessee Titans",,
"1935877b-a7d5-4b74-96d6-bf57cd3e1d87","C.J.","Uzomah","60.0","7.2","W/T68","TE","Cincinnati Bengals",,
"29518620-fffe-4296-9109-eb534352fd75","Marquez","Callaway","60.0","5.1","W/T68","WR","New Orleans Saints",,
"80dfaaa4-356d-4d0a-978c-f5ec83606b84","Miles","Sanders","60.0","4.6","RB37","RB","Philadelphia Eagles",,
"bdd2afd2-7376-49e7-9dbd-adfc00fe9900","Melvin","Gordon","60.0","3.4","RB37","RB","Denver Broncos",,
"21042eb1-b354-495c-9f59-0ae25815d574","Jaylen","Waddle","60.0","0.7","W/T68","WR","Miami Dolphins",,
"d01f8573-32a9-449d-be77-9a2e19266b24","Russell","Gage","60.0","0.3","W/T68","WR","Atlanta Falcons",,
"03592d29-9d3e-4f33-996f-0885590f6458","Justin","Fields","60.0","0.2","QB20","QB","Chicago Bears",,
"08f153bf-a7fd-430e-8e7d-16d45a36b6bd","D'Ernest","Johnson","60.0","0.0","RB37","RB","Cleveland Browns",,
"691c08e0-b8fd-48ca-be99-1fe491f03c13","Josiah","Deguara","60.0","0.0","W/T68","TE","Green Bay Packers",,
"4aed592e-8109-423c-a395-04131ac289b4","Michael","Carter","60.0","0.0","RB37","RB","NY Jets",,
"c4bbeb8f-3c8a-4047-abca-358cab8a3b60","Ben","Skowronek","60.0","0.0","W/T68","WR","Los Angeles Rams",,
"7170b5eb-e22c-4a14-8d5d-2032ce5df034","Jared","Goff","60.0","0.0","QB20","QB","Detroit Lions",,
"bf183823-0e52-435c-a5d4-9f4d2698516e","Maxx","Williams","60.0","15.8","W/T76","TE","Arizona Cardinals",,
"9465dc80-5242-4e25-b4fd-14987678fbc2","Cedrick","Wilson","60.0","12.5","W/T76","WR","Dallas Cowboys",,
"077ba153-9d02-4427-9282-425a7fa9622e","Chester","Rogers","60.0","6.8","W/T76","WR","Tennessee Titans",,
"bb1e631f-20e2-46dd-aeec-bfcde00e32b0","T.Y.","Hilton","60.0","6.7","W/T76","WR","Indianapolis Colts",,
"32edc6fb-97d0-4236-a683-e4209cc79bf5","DeVonta","Smith","60.0","6.4","W/T76","WR","Philadelphia Eagles",,
"612d6c2c-f6a8-435c-8210-4c3e6b9e921b","Dallas","Goedert","60.0","4.8","W/T76","TE","Philadelphia Eagles",,
"1ec36c6e-5f26-48b2-a1d1-c4d71a6c5e59","Kyle","Juszczyk","60.0","3.8","RB42","RB","San Francisco 49ers",,
"d2ecfd1f-d5bb-4cbd-9c2b-cfba6db70b94","Tua","Tagovailoa","60.0","1.2","QB22","QB","Miami Dolphins",,
"ff202e02-31b7-4b63-b17d-7e8308a8d69b","Jaelon","Darden","60.0","0.0","W/T76","WR","Tampa Bay Buccaneers",,
"457415bb-bd82-414e-a135-d0d03af70444","Brandin","Cooks","60.0","0.0","W/T76","WR","Houston Texans",,
"02a917f8-6295-4326-a67e-170a91000d32","Antoine","Wesley","60.0","0.0","W/T76","WR","Arizona Cardinals",,
"711c43a5-dd9d-4456-8315-9afe255f3c19","Chris","Godwin","-","36.0",,"WR","Tampa Bay Buccaneers","OUT",
"b0099f6a-a217-435b-88dd-c6b9de0bb324","Robert","Tonyan","-","13.2",,"TE","Green Bay Packers",,
"595df82d-11d5-4dda-94e1-06d53d612a53","Brandon","Bolden","-","10.8",,"RB","New England Patriots",,
"1e824a81-0e01-4278-af75-6ff8f9767a1c","Ty'Son","Williams","-","10.7",,"RB","Baltimore Ravens",,
"47c77c2f-f137-48c8-a8e7-54c0b54b8446","Sammy","Watkins","-","10.7",,"WR","Baltimore Ravens",,
"c3b9b522-1d44-4b6e-a616-2de20a291b7d","Jameis","Winston","-","10.4",,"QB","New Orleans Saints",,
"9d2ba644-ba81-475a-923a-ecab3d2e421d","Trey","Lance","-","9.5",,"QB","San Francisco 49ers",,
"10bb40dc-de08-4790-bf2d-ab36a4232b72","Kareem","Hunt","-","9.0",,"RB","Cleveland Browns",,
"5f8eb25d-62f1-4a7b-a9b3-2ef88cd686de","Baker","Mayfield","-","8.1",,"QB","Cleveland Browns",,
"1a8627bc-9478-4ad4-873c-753618eebf3b","Parris","Campbell","-","8.0",,"WR","Indianapolis Colts",,
"fc608183-402b-4c57-94e1-bfc2ca0f31ac","Mo","Alie-Cox","-","7.9",,"TE","Indianapolis Colts",,
"e11fb153-be75-4894-b0d5-4e186afe8f2e","O.J.","Howard","-","7.8",,"TE","Tampa Bay Buccaneers",,
"7ad4b01d-e4ef-48db-a622-974f374c5cee","Devin","Duvernay","-","7.8",,"WR","Baltimore Ravens",,
"ccb47c9e-ab1e-4197-8760-df7bd61d5aed","Jonnu","Smith","-","7.4",,"TE","New England Patriots",,
"aed0d96c-3727-4dd1-a6a8-cb3615e49324","Taylor","Heinicke","-","7.2",,"QB","Washington Football Team",,
"34cebf06-d120-46bb-8356-06b439ca7485","Alexander","Mattison","-","6.8",,"RB","Minnesota Vikings",,
"a35d49a8-d539-4bbd-9309-340e44701742","Donald","Parham","-","6.4",,"TE","Los Angeles Chargers",,
"1e1d70b8-70ec-4242-9d5c-ba48022ba69a","Blake","Jarwin","-","6.2",,"TE","Dallas Cowboys",,
"b55dc1fc-388d-4a79-b86c-ad543805f1cb","Ben","Roethlisberger","-","5.4",,"QB","Pittsburgh Steelers",,
"306c26d9-dd79-4950-9fb6-b8c7a9b8de6d","Jerick","McKinnon","-","5.2",,"RB","Kansas City Chiefs",,
"ee020853-b8a0-4373-9577-7b4c459e2894","Terry","McLaurin","-","5.2",,"WR","Washington Football Team",,
"88a254ab-0f51-48fc-bcce-1da9ff848012","Antonio","Gibson","-","5.0",,"RB","Washington Football Team",,
"481f11ea-2fe2-4f9d-b1ea-d47df66ae318","Deonte","Harris","-","5.0",,"WR","New Orleans Saints",,
"a6d4ee24-b61e-428c-b232-a5fb35abef63","Samaje","Perine","-","4.9",,"RB","Cincinnati Bengals",,
"2bf32fb2-99e9-43c3-b8b9-8743ba06bb9a","Christian","McCaffrey","-","4.8",,"RB","Carolina Panthers",,
"0a0de4f4-37f6-4155-9aac-132dc49c1f1c","N'Keal","Harry","-","4.8",,"WR","New England Patriots",,
"6fe64f68-04cd-4213-92c2-ea75ef23c670","Tre'Quan","Smith","-","4.8",,"WR","New Orleans Saints",,
"dedebf4c-d07f-432d-96d6-b580ae06e04a","Sam","Darnold","-","4.6",,"QB","Carolina Panthers",,
"808746ea-d47c-47af-a9c5-abaeb5b28090","Mark","Ingram","-","4.5",,"RB","New Orleans Saints",,
"aea6c280-11f6-4d83-8883-258491e6d67e","Trey","Sermon","-","4.3",,"RB","San Francisco 49ers",,
"dc77ef90-e134-433b-85c1-dfa822f4b2b3","Chris","Evans","-","4.2",,"RB","Cincinnati Bengals",,
"2ead1829-9d6f-4016-86a6-7c519cc401d4","Dontrell","Hilliard","-","4.2",,"RB","Tennessee Titans",,
"83ec64e5-8515-4f08-860e-aa4d0ba85bac","Kenneth","Gainwell","-","4.1",,"RB","Philadelphia Eagles",,
"50bc570e-2dfe-4e97-9cd3-1f8ca0dd92a5","Anthony","Firkser","-","4.1",,"TE","Tennessee Titans",,
"71083cd2-49f9-499d-9b49-c56645ee6cd9","Donovan","Peoples-Jones","-","4.1",,"WR","Cleveland Browns",,
"cc995375-9046-442f-b4bb-e1b09ed5e747","Eno","Benjamin","-","3.9",,"RB","Arizona Cardinals",,
"8d566549-5824-4018-96bf-f2c47d6d5900","Logan","Thomas","-","3.8",,"TE","Washington Football Team",,
"16444ce6-683c-47f8-9367-37febc282334","Chase","Claypool","-","3.8",,"WR","Pittsburgh Steelers",,
"230b2293-d62c-4e07-bbfe-d8c1b5842c7e","Jarvis","Landry","-","3.7",,"WR","Cleveland Browns",,
"95c48369-47d9-421a-bcac-1aaf95f8ffce","David","Njoku","-","3.7",,"TE","Cleveland Browns",,
"49c823df-ab69-4c4a-a90e-0da9846d014c","Ross","Dwelley","-","3.6",,"TE","San Francisco 49ers",,
"cb970e1f-4f89-4108-94e1-f4990bd42cc6","DJ","Moore","-","3.4",,"WR","Carolina Panthers",,
"63a98212-70f7-4931-a6b4-bf7d56e0e694","Quez","Watkins","-","3.4",,"WR","Philadelphia Eagles",,
"43fd85b0-1ba7-47d4-83cd-61c95c63133c","Marlon","Mack","-","3.0",,"RB","Indianapolis Colts",,
"f69e2507-0705-413d-9d1a-27291937e4e5","JaMycal","Hasty","-","2.9",,"RB","San Francisco 49ers",,
"026e64dc-daa2-43f5-a5d0-d5dc20043bc5","Courtland","Sutton","-","2.8",,"WR","Denver Broncos",,
"adfbf44b-a27a-459b-b628-b3a837f8a453","Pat","Freiermuth","-","2.8",,"TE","Pittsburgh Steelers",,
"d945c95b-9104-448e-898f-f1c152bd5675","Ricky","Seals-Jones","-","2.8",,"TE","Washington Football Team",,
"d45e7c1f-0f89-4305-bd10-274fab534bb8","Larry","Rountree","-","2.7",,"RB","Los Angeles Chargers",,
"ea353ddd-98ad-4503-a2a3-3934fd034e11","Tim","Patrick","-","2.7",,"WR","Denver Broncos",,
"aa11a9b2-b742-498f-91bc-5b33dac5b005","Austin","Hooper","-","2.7",,"TE","Cleveland Browns",,
"1eefb09a-6db5-459c-adf7-027492d46430","Mohamed","Sanu","-","2.6",,"WR","San Francisco 49ers",,
"7a5617ea-5d62-4e25-8dd5-a3983642246f","Jalen","Reagor","-","2.6",,"WR","Philadelphia Eagles",,
"39b80e7e-6b80-4d20-8de5-fbdb4ee4064d","Auden","Tate","-","2.5",,"WR","Cincinnati Bengals",,
"998722cd-497b-4202-be63-5ba81c7a34e9","Darrynton","Evans","-","2.5",,"RB","Tennessee Titans",,
"ae004b08-97cd-4ebe-b871-4d947d46e47b","Juwan","Johnson","-","2.5",,"TE","New Orleans Saints",,
"6bdbdc91-0fe2-4c19-ac21-68e6347f695f","Trent","Sherfield","-","2.5",,"WR","San Francisco 49ers",,
"3c7d13b6-ad35-4b76-9535-00a1fc66d52b","Jerry","Jeudy","-","2.4",,"WR","Denver Broncos",,
"cdc837a6-b3ff-46b4-aeb9-a1dd3f974a29","Chuba","Hubbard","-","2.4",,"RB","Carolina Panthers",,
"27046fe8-f544-44b9-bc95-0d0510d4f17d","Derek","Carr","-","2.4",,"QB","Las Vegas Raiders",,
"a444f2e4-5fce-4253-bb89-76d0850376ca","Noah","Fant","-","2.4",,"TE","Denver Broncos",,
"46baff91-3820-45c9-ad08-19d7a542544a","DeAndre","Carter","-","2.2",,"WR","Washington Football Team",,
"a548eaea-ad1a-49f6-bb02-81db3a23a7ad","JuJu","Smith-Schuster","-","2.1",,"WR","Pittsburgh Steelers",,
"654d9bc3-27b2-4490-ac1c-7e90e6f9543e","Anthony","Miller","-","2.1",,"WR","Pittsburgh Steelers",,
"b073dff4-69fd-4de3-9e6b-8b3e04875b11","Rashard","Higgins","-","2.1",,"WR","Cleveland Browns",,
"9c3b30c1-5369-4324-97c8-6b477638769e","Adam","Trautman","-","2.0",,"TE","New Orleans Saints",,
"006f0f2e-6fc6-460f-8968-7571ac11ef17","Demetric","Felton","-","1.8",,"RB","Cleveland Browns",,
"5afc61cf-b73b-4273-b709-aa5f0d35aeca","Amari","Rodgers","-","1.8",,"WR","Green Bay Packers",,
"ccdaf441-f03a-4333-ad08-a2eaea4de34f","Robby","Anderson","-","1.6",,"WR","Carolina Panthers",,
"6b4ca329-0483-43dc-9ce8-eb9dcae3a6f3","Josh","Jacobs","-","1.6",,"RB","Las Vegas Raiders",,
"05adccf4-4465-40f8-9d62-a3eed67278ca","Tony","Jones","-","1.6",,"RB","New Orleans Saints",,
"e92ae57f-0b2b-480c-b9bc-763df86d6a7d","Joshua","Kelley","-","1.6",,"RB","Los Angeles Chargers",,
"32374682-6347-4ec0-baa1-aa14e1ac4a2f","Adam","Humphries","-","1.5",,"WR","Washington Football Team",,
"eaf99f47-6ceb-4914-baee-d9eca8cfef69","James","Washington","-","1.5",,"WR","Pittsburgh Steelers",,
"6c628aec-aa61-4394-a8c9-45fc98635c33","Darren","Waller","-","1.3",,"TE","Las Vegas Raiders",,
"453cabc5-061f-4d35-8c67-d503c307f085","Daniel","Jones","-","1.2",,"QB","NY Giants",,
"08a2eebf-a2df-42cf-8bb7-40eb713d87a5","Peyton","Barber","-","1.1",,"RB","Las Vegas Raiders",,
"c1d5bdd8-0a07-444d-b5fa-46fa7995a5d6","Kenyan","Drake","-","1.1",,"RB","Las Vegas Raiders",,
"ca95d442-3325-42aa-b3ce-030c662f71ee","Michael","Burton","-","1.1",,"RB","Kansas City Chiefs",,
"adca8bde-9a4e-4cf7-9024-67ac26412f53","Matt","Ryan","-","1.0",,"QB","Atlanta Falcons",,
"af98abcf-8d8e-4b6d-8de3-94fa2f404b81","Dyami","Brown","-","1.0",,"WR","Washington Football Team",,
"bb4d1f3f-61fb-48ee-9114-a585f51a1bd1","Curtis","Samuel","-","1.0",,"WR","Washington Football Team",,
"70c0ec58-f603-436d-b66c-42a923fdad7e","Anthony","Schwartz","-","1.0",,"WR","Cleveland Browns",,
"49a5be09-378e-4061-a136-4887ccc2214c","Tommy","Tremble","-","0.9",,"TE","Carolina Panthers",,
"37daafb8-1d78-49cb-bcbb-291af14d0829","Bryan","Edwards","-","0.9",,"WR","Las Vegas Raiders",,
"d73e0ffd-3388-4ccd-81db-676e0e3e0703","Sterling","Shepard","-","0.8",,"WR","NY Giants",,
"4bec99e7-ff60-49c6-9ca2-6baf9e88d56f","Geno","Smith","-","0.8",,"QB","Seattle Seahawks",,
"a1963ae7-62c3-4ded-93dc-20aa9525415a","DeVante","Parker","-","0.7",,"WR","Miami Dolphins",,
"0d0ae059-8ce1-478e-ba73-057da7e8e97f","Terrace","Marshall","-","0.7",,"WR","Carolina Panthers",,
"434328c0-b068-4a4f-9293-6af77e28410a","Saquon","Barkley","-","0.7",,"RB","NY Giants",,
"fee393bb-cb0e-4e6f-aab0-432f64dafef7","Chris","Carson","-","0.7",,"RB","Seattle Seahawks",,
"56975485-ab5a-421e-b274-1969eda12592","Jaret","Patterson","-","0.7",,"RB","Washington Football Team",,
"eaccd620-dfa3-4aec-abfc-571f8cb91efa","Myles","Gaskin","-","0.7",,"RB","Miami Dolphins",,
"bdde2dcd-917b-4469-8d6f-0eb157be020a","Devontae","Booker","-","0.7",,"RB","NY Giants",,
"f82d4f58-0859-40cc-8c67-17ab6e3e9caf","Kyle","Pitts","-","0.6",,"TE","Atlanta Falcons",,
"d8ad972c-ab5d-4d5c-9206-344ec829f663","DeSean","Jackson","-","0.6",,"WR","Las Vegas Raiders",,
"1d5d0c44-1b42-43a9-98ca-3a6e0bab40e0","Calvin","Ridley","-","0.6",,"WR","Atlanta Falcons",,
"c3f44c97-9b6e-4e89-8e74-448fe6a36261","Mike","Gesicki","-","0.6",,"TE","Miami Dolphins",,
"52baa95e-856b-4549-89a5-7e1817845e74","Zay","Jones","-","0.5",,"WR","Las Vegas Raiders",,
"d14cc396-1b42-4112-8a8c-65e8f2021061","Evan","Engram","-","0.5",,"TE","NY Giants",,
"33a5ab50-6fe1-425c-b155-019c5b2aa81b","Kadarius","Toney","-","0.5",,"WR","NY Giants",,
"cf136595-ffdc-420c-86ef-737a016abd3b","Foster","Moreau","-","0.5",,"TE","Las Vegas Raiders",,
"b7635008-cdad-45cc-947e-2a886c00e5b9","Kenny","Golladay","-","0.5",,"WR","NY Giants",,
"ea7d64e3-8a68-4a3b-8fef-30549d13d4fa","Mike","Davis","-","0.4",,"RB","Atlanta Falcons",,
"f519ceac-82d9-4a8d-a192-cba9fbcef683","Alex","Collins","-","0.4",,"RB","Seattle Seahawks",,
"49acf103-b476-4df8-aa04-d25e29f8d6e6","John","Ross","-","0.4",,"WR","NY Giants",,
"8f51cf22-3eb1-44fa-a1d0-49309183c149","Darius","Slayton","-","0.4",,"WR","NY Giants",,
"c553a11e-7587-4151-8426-e5e60ff0512a","Gerald","Everett","-","0.3",,"TE","Seattle Seahawks",,
"2da46621-f5fe-408a-80b2-1e0c0a3c6a8b","Ryan","Fitzpatrick","-","0.3",,"QB","Washington Football Team",,
"ba01b3ab-b3ad-4883-ace7-5d0a62840b9c","Malcolm","Brown","-","0.3",,"RB","Miami Dolphins",,
"99b7e65f-c269-4de9-90b4-1d903c7a6128","Freddie","Swain","-","0.3",,"WR","Seattle Seahawks",,
"ff9378d0-5ce6-45bf-bd0d-3897243348e8","Olamide","Zaccheaus","-","0.3",,"WR","Atlanta Falcons",,
"829c16ee-43d0-4814-bcff-914c30402a67","Salvon","Ahmed","-","0.2",,"RB","Miami Dolphins",,
"728456e8-078a-48a4-b449-1e97650add25","Preston","Williams","-","0.2",,"WR","Miami Dolphins",,
"14c5c297-b8db-4bc2-960c-2aeff6297ac0","Hayden","Hurst","-","0.2",,"TE","Atlanta Falcons",,
"240d878d-9ab3-4442-8cf7-0e5870f6e2a2","David","Montgomery","-","0.2",,"RB","Chicago Bears",,
"a4ee1f6d-e60b-43f4-bff8-a79248b4dfa5","Benny","Snell","-","0.2",,"RB","Pittsburgh Steelers",,
"4b626d62-2294-4de5-b5be-fbaee4e8f220","Marcus","Mariota","-","0.2",,"QB","Las Vegas Raiders",,
"0d7e7b53-ef55-4b60-9665-3799045348b0","Tajae","Sharpe","-","0.2",,"WR","Atlanta Falcons",,
"8dd36ec3-99b2-4f98-8ea5-06980f475d3e","Cole","Kmet","-","0.1",,"TE","Chicago Bears",,
"e326da10-f2cf-44c6-9dfc-0e8b3e374778","DeeJay","Dallas","-","0.1",,"RB","Seattle Seahawks",,
"67b19caa-fdd6-4102-811c-b4307e028c33","Allen","Robinson","-","0.1",,"WR","Chicago Bears",,
"85143de1-f658-482a-aafa-c827d4f5f6c7","Tyron","Johnson","-","0.1",,"WR","Las Vegas Raiders",,
"3827018d-c31f-4d66-b696-0312790b0823","Darnell","Mooney","-","0.1",,"WR","Chicago Bears",,
"5b9b5fe4-b4b6-4ea9-aaa3-129c389ba7de","Wayne","Gallman","-","0.1",,"RB","Minnesota Vikings",,
"45a249af-6881-42bf-bddc-d13bdc92043b","Khalil","Herbert","-","0.1",,"RB","Chicago Bears",,
"ab948701-3a9a-4c5c-b325-3fd9302ed442","Damien","Williams","-","0.1",,"RB","Chicago Bears",,
"aba929ad-93d2-4fd0-a064-33ac5bb7e62d","J.J.","Nelson","-","0.0",,"WR","Indianapolis Colts",,
"aca9a762-aa6f-43ef-8afb-b33ebe1ac66a","David","Johnson","-","0.0",,"RB","Houston Texans",,
"a72407dc-dc63-4c3b-a00f-db4d67c8b50d","Ian","Thomas","-","0.0",,"TE","Carolina Panthers",,
"aa44a5ec-fd33-4a20-8297-69f5f07c1945","Royce","Freeman","-","0.0",,"RB","Houston Texans",,
"aac69980-1579-4445-8554-5e469d89f981","Isaiah","Coulter","-","0.0",,"WR","Chicago Bears",,
"a73202b0-32f0-4671-b8f2-5d3e0b294c4e","Terry","Godwin","-","0.0",,"WR","Jacksonville Jaguars",,
"a7d438ac-bea1-4c58-a9d7-416b7e5505ba","John","Bates","-","0.0",,"TE","Washington Football Team",,
"a87009c1-c975-40a7-bab8-07ccf38af388","Kendall","Hinton","-","0.0",,"WR","Denver Broncos",,
"a890556d-2c29-4330-b7ff-4e141d2150ce","John","Hightower","-","0.0",,"WR","Philadelphia Eagles",,
"a8e64920-36dd-4183-af4d-de462739f9cf","Austin","Fort","-","0.0",,"TE","Tennessee Titans",,
"aa001b48-8fa0-44ea-84cc-cebf41c6e3b8","Jeremy","Sprinkle","-","0.0",,"TE","Dallas Cowboys",,
"bbba2160-1e53-4ca8-a03b-1a17cfcc8a45","Tre'","McKitty","-","0.0",,"TE","Los Angeles Chargers",,
"bbfb86e8-6bf1-4dcc-9142-9e7683c5fee5","Mason","Rudolph","-","0.0",,"QB","Pittsburgh Steelers",,
"bc32dbba-eb74-4d2c-9a11-74da01ee7527","Willie","Snead","-","0.0",,"WR","Carolina Panthers",,
"bccd8b55-a976-4465-ad89-4cf5193086ed","James","O'Shaughnessy","-","0.0",,"TE","Jacksonville Jaguars",,
"ed8aec30-d950-41b8-a966-ba1db711e95a","Tevin","Coleman","-","0.0",,"RB","NY Jets",,
"edc0f2b2-0e60-43f5-ab5b-16e4e59a79b7","Khari","Blasingame","-","0.0",,"RB","Tennessee Titans",,
"ec84d2f8-6dad-4a9a-b039-beb34c8fd4cd","Jordan","Love","-","0.0",,"QB","Green Bay Packers",,
"ec9064c6-3b0b-4c7e-84a2-2b98057c0128","Bronson","Kaufusi","-","0.0",,"TE","Green Bay Packers",,
"ecb44f87-eb9e-489d-b7fc-c60dc26b5ea8","Maurice","Ffrench","-","0.0",,"WR","Los Angeles Chargers",,
"a6600210-2095-440b-87ad-ac673d12d7f8","Rodney","Smith","-","0.0",,"RB","Detroit Lions",,
"a5d0476f-deee-493e-aa6f-eee9d9bea0ff","Jody","Fortson","-","0.0",,"TE","Kansas City Chiefs",,
"a4571fd1-b1d2-49f7-a02f-266a36fc43bb","Mike","Glennon","-","0.0",,"QB","NY Giants",,
"a6100b01-cc84-4890-9c64-3bdf90fab9e5","Jaylon","Moore","-","0.0",,"WR","Baltimore Ravens",,
"a65771ff-7bba-4cc5-aacc-8b1ecd01da93","Rico","Bussey","-","0.0",,"WR","Pittsburgh Steelers",,
"a4b02f39-3f47-48f8-9409-4b592550f357","Marquise","Goodwin","-","0.0",,"WR","Chicago Bears",,
"a4e3f598-ff82-417e-9bef-c5ea66ba53d7","Aaron","Fuller","-","0.0",,"WR","Seattle Seahawks",,
"c0ce5afd-7a15-4303-b23b-ceb19d3b66a0","Kylen","Granson","-","0.0",,"TE","Indianapolis Colts",,
"bdb85f6f-7a0c-4be7-b84e-8ea0053144f4","David","Blough","-","0.0",,"QB","Detroit Lions",,
"be235db3-906e-454d-9444-532418e55289","Nick","Bowers","-","0.0",,"TE","Las Vegas Raiders",,
"c00036a3-28d4-4d7f-a1fa-c11bab09356f","Johnny","Mundt","-","0.0",,"TE","Los Angeles Rams",,
"c01f46e3-9564-49a0-92fe-634bcfdcd83f","Dwayne","Haskins","-","0.0",,"QB","Pittsburgh Steelers",,
"468fd855-e8b2-478a-816e-761b636c9c5c","Sean","Mannion","-","0.0",,"QB","Minnesota Vikings",,
"458e3c83-67de-483a-bbef-fe8cfda6094f","Collin","Johnson","-","0.0",,"WR","NY Giants",,
"46e90716-d0e1-4ef9-9ca6-c5a80872ea4c","Devine","Ozigbo","-","0.0",,"RB","New England Patriots",,
"47210069-5a6c-428b-a66a-f7bc8f272a03","Adrian","Killins","-","0.0",,"RB","Denver Broncos",,
"4598b30d-5996-4c94-8d21-8c3057826860","Gunner","Olszewski","-","0.0",,"WR","New England Patriots",,
"2ae14a47-be7c-4518-a3a3-38678afc3d9f","Tutu","Atwell","-","0.0",,"WR","Los Angeles Rams",,
"2b128ba3-1002-4c98-849a-b79896530076","Brandon","Zylstra","-","0.0",,"WR","Carolina Panthers",,
"2b15dee6-5a83-4af1-a65d-94e99a03e083","Quintez","Cephus","-","0.0",,"WR","Detroit Lions",,
"2b66a879-a6e8-4e9e-96e6-66d4c4f31f2a","DJ","Turner","-","0.0",,"WR","Las Vegas Raiders",,
"2a47b528-f837-46f4-9b62-2ec7ff526d36","Qadree","Ollison","-","0.0",,"RB","Atlanta Falcons",,
"2cbe8217-a001-43eb-822f-295d01aefa2a","Case","Keenum","-","0.0",,"QB","Cleveland Browns",,
"2cf5bd9f-e167-42c7-a734-201cf56722a5","Derek","Watt","-","0.0",,"RB","Pittsburgh Steelers",,
"2bf7a524-61b8-4b4f-b9e9-ac26ab21ebd3","Gabe","Nabers","-","0.0",,"RB","Los Angeles Chargers",,
"2c504fe4-86ed-48ae-bccc-6c6c72279ed2","Trey","Ragas","-","0.0",,"RB","Las Vegas Raiders",,
"22b8ce65-bff3-4b54-bf59-b7147447031e","Matt","Cole","-","0.0",,"WR","Seattle Seahawks",,
"20e01805-936c-4bce-a301-2236a2757b73","John","Ursua","-","0.0",,"WR","Seattle Seahawks",,
"21890061-35ad-481c-bd99-e12d78ca45f0","Tommy","Sweeney","-","0.0",,"TE","Buffalo Bills",,
"21a3039b-6a8a-46ca-ab0b-beed8fa6c608","Trevon","Wesco","-","0.0",,"TE","NY Jets",,
"214d431b-e27b-4c58-9a8f-631c6b0ef5bc","Brett","Hundley","-","0.0",,"QB","Indianapolis Colts",,
"286edabb-3341-410e-8782-859c47d3a162","Gerrid","Doaks","-","0.0",,"RB","Miami Dolphins",,
"24be884b-d776-4158-922d-ed2cc8f5f3f3","Colin","Thompson","-","0.0",,"TE","Carolina Panthers",,
"25268f8f-81f1-4367-a47a-31c1b98498c6","Dan","Chisena","-","0.0",,"WR","Minnesota Vikings",,
"25e96377-679a-47ba-8d6e-21ef072a3829","Jacob","Eason","-","0.0",,"QB","Seattle Seahawks",,
"263745af-4f67-43ab-935b-10166500fb9b","Shaun","Beyer","-","0.0",,"TE","Denver Broncos",,
"23e9b90a-c52f-4d0a-a9c1-3fbc502dc285","Giovanni","Ricci","-","0.0",,"RB","Carolina Panthers",,
"279056fc-7338-4001-a138-d9687af28843","Dezmon","Patmon","-","0.0",,"WR","Indianapolis Colts",,
"27b4a25e-37df-4ea4-af60-a9a1b67bb975","Jonathan","Ward","-","0.0",,"RB","Arizona Cardinals",,
"28636e68-3d77-4a64-9600-2a8c97e0ac72","Davis","Webb","-","0.0",,"QB","Buffalo Bills",,
"24193da6-4bee-4ed3-8c6d-7c38b5861174","Alec","Ingold","-","0.0",,"RB","Las Vegas Raiders",,
"2d72443e-0737-4aca-8565-40b61835471b","Laviska","Shenault","-","0.0",,"WR","Jacksonville Jaguars",,
"2d6ac16b-0355-4fb0-8518-1fb328f7e830","Josh","Oliver","-","0.0",,"TE","Baltimore Ravens",,
"2dad08d2-88d7-4241-8fb1-6e311a97e3e7","Nathan","Peterman","-","0.0",,"QB","Las Vegas Raiders",,
"2e0f4b2a-6b8c-4187-bcda-fa15d9b5e5a2","Andre","Roberts","-","0.0",,"WR","Los Angeles Chargers",,
"fc4e53f8-cc70-4195-87d4-c2513fd768a9","Carlos","Hyde","-","0.0",,"RB","Jacksonville Jaguars",,
"fcd63869-e610-42c6-9bab-08aa7389a812","J.J.","Taylor","-","0.0",,"RB","New England Patriots",,
"fce1b295-6e77-44c1-8db3-9e5b7cf2ffb8","Cullen","Gillaspia","-","0.0",,"RB","NY Giants",,
"fdaceb07-3d85-432d-8c37-3b3557d2b0f2","Gardner","Minshew","-","0.0",,"QB","Philadelphia Eagles",,
"fe4d9781-088a-464d-be2a-bd7b6e20899d","Kyle","Allen","-","0.0",,"QB","Washington Football Team",,
"f6d717d8-6664-4f0a-8ae4-ee2425d2e824","Jace","Sternberger","-","0.0",,"TE","Pittsburgh Steelers",,
"f70e93bb-8b90-4841-b821-b5675599b250","Isaiah","Ford","-","0.0",,"WR","Miami Dolphins",,
"f72ab5d2-3b73-4455-b271-dc453ffa858b","Cornell","Powell","-","0.0",,"WR","Kansas City Chiefs",,
"f75ae3e4-0bac-45a7-9aae-351d208b739f","Jake","Kumerow","-","0.0",,"WR","Buffalo Bills",,
"f9a83240-063f-4bde-9fae-940a04cb86e1","Cody","Hollister","-","0.0",,"WR","Tennessee Titans",,
"fab3f212-9184-4165-8fb6-d707ba37689f","Buddy","Howell","-","0.0",,"RB","Los Angeles Rams",,
"fad8291b-893b-4d28-a9d5-98ac865831e8","Sandro","Platzgummer","-","0.0",,"RB","NY Giants",,
"65d0c27c-4aea-40ce-9472-c8e06486a7f3","Jalen","Richard","-","0.0",,"RB","Las Vegas Raiders",,
"65afc45f-af62-4831-81b5-1bca2025c4d6","Jordan","Howard","-","0.0",,"RB","Philadelphia Eagles",,
"65fdf5a1-6a76-4004-af88-96eb367f7ce0","Ryan","Switzer","-","0.0",,"WR","Cleveland Browns",,
"6693cf46-1d55-4442-835a-be9591b5d57a","Spencer","Brown","-","0.0",,"RB","Carolina Panthers",,
"66e2707c-c202-4793-bd03-2a7685d776d7","Scottie","Phillips","-","0.0",,"RB","Houston Texans",,
"4fff77f8-5494-4dd9-a80c-79a1998be524","D'Andre","Swift","-","0.0",,"RB","Detroit Lions",,
"4ce19d9c-94ce-4076-b4dd-fd69530e34d0","Cam","Sims","-","0.0",,"WR","Washington Football Team",,
"5012f238-edf8-4c51-a41c-a9b0c80f475d","Binjimen","Victor","-","0.0",,"WR","Baltimore Ravens",,
"5089dd06-0754-4611-a318-830fc43a9c8d","Brock","Wright","-","0.0",,"TE","Detroit Lions",,
"5227e325-63a5-4910-b6bd-17cb778d5a82","Jauan","Jennings","-","0.0",,"WR","San Francisco 49ers",,
"4d7339e3-3b55-4a4e-9388-7fecfcfc9289","Dylan","Soehner","-","0.0",,"TE","New Orleans Saints",,
"4d7ac52f-1d3f-408c-81ce-d4cfb3c345b5","D.J.","Montgomery","-","0.0",,"WR","NY Jets",,
"4e345f33-d55c-4d1d-8ad8-ee798bd7ec2a","Ryan","Izzo","-","0.0",,"TE","Seattle Seahawks",,
"4f9d46b5-cc4a-4b3b-8087-8c0ab5a5c021","Ameer","Abdullah","-","0.0",,"RB","Carolina Panthers",,
"8d24243d-de96-48aa-a2d7-2b553ac5adf6","Will","Grier","-","0.0",,"QB","Dallas Cowboys",,
"8d32c6eb-b64e-4bba-9996-3f52165deaf6","Zach","Davidson","-","0.0",,"TE","Minnesota Vikings",,
"8d425803-26bc-4727-abb3-c0b4808f0840","Khadarel","Hodge","-","0.0",,"WR","Detroit Lions",,
"8c4ae8fb-2578-41fc-b0d5-2ee5c9a779fa","Keke","Coutee","-","0.0",,"WR","Indianapolis Colts",,
"8d526dbc-49a7-4e59-80eb-db672fd40eb0","Tyler","Vaughns","-","0.0",,"WR","Pittsburgh Steelers",,
"8c3e4739-3eaf-46ad-acc9-342d438e6207","Lee","Smith","-","0.0",,"TE","Atlanta Falcons",,
"8a8bf21b-e354-459d-b5c3-3feb1c31218d","Juwann","Winfree","-","0.0",,"WR","Green Bay Packers",,
"8b94ceb4-c2ec-46de-917d-b65a812427c1","Tanner","Gentry","-","0.0",,"WR","Buffalo Bills",,
"8b81b14e-1f3c-485a-b7fd-58ab1151f8a3","Durham","Smythe","-","0.0",,"TE","Miami Dolphins",,
"8aceb112-761a-4cf0-b0f2-c8b973b9ed40","Nsimba","Webster","-","0.0",,"WR","Chicago Bears",,
"418e8623-990d-4b28-a5e4-5f4d43c83c5f","Andy","Dalton","-","0.0",,"QB","Chicago Bears",,
"41b78d2b-ec6f-4f93-8599-d4ff26d387f3","C.J.","Beathard","-","0.0",,"QB","Jacksonville Jaguars",,
"421f209a-f132-40d2-b2f5-93b4cb1f298f","Chris","Myarick","-","0.0",,"TE","NY Giants",,
"40689640-a268-435a-a704-dad277fbec9f","Darren","Fells","-","0.0",,"TE","Tampa Bay Buccaneers",,
"4174cde1-d9bc-4905-87b5-59ae825ce674","Hunter","Bryant","-","0.0",,"TE","Detroit Lions",,
"3ed7a405-4a81-4e27-a219-5f434ed13ed9","Rashaad","Penny","-","0.0",,"RB","Seattle Seahawks",,
"495bb442-8886-4dd0-9c6f-ccb1f24f63f8","Jack","Doyle","-","0.0",,"TE","Indianapolis Colts",,
"4c5408ce-0de8-4e0c-961b-7b3f684babda","Will","Fuller","-","0.0",,"WR","Miami Dolphins",,
"4ca3488d-15f4-4459-a5cc-8e986f5180e5","Mitchell","Trubisky","-","0.0",,"QB","Buffalo Bills",,
"4ab16f98-4457-4098-8243-e833889a1e0b","Brandon","Powell","-","0.0",,"WR","Los Angeles Rams",,
"4b06b754-120a-4b57-a027-00065514b264","Trinity","Benson","-","0.0",,"WR","Detroit Lions",,
"4b3e927a-d5a5-4b6e-b8ed-5bacbf8f74c6","Craig","Reynolds","-","0.0",,"RB","Detroit Lions",,
"4b404c7e-cb7b-476c-8c6b-18d10ea53c62","Mike","Strachan","-","0.0",,"WR","Indianapolis Colts",,
"4bcc4bf5-7385-4c67-b458-09d7696a7b16","Nick","Vannett","-","0.0",,"TE","New Orleans Saints",,
"4c037f1d-4d7f-4e97-9903-7df4c41b84f9","Derek","Carrier","-","0.0",,"TE","Las Vegas Raiders",,
"ca73ae21-13c5-46b0-841c-55cd1f805988","Kalen","Ballage","-","0.0",,"RB","Pittsburgh Steelers",,
"ca08a1a7-b21a-4164-b75e-fdce5de2093d","Darius","Bradwell","-","0.0",,"RB","Los Angeles Chargers",,
"cbbce7ce-c2d4-48ec-b26f-568fdbe5212a","Mason","Kinsey","-","0.0",,"WR","Tennessee Titans",,
"c70396fe-808c-465a-bbea-bd1938267d5c","Equanimeous","St. Brown","-","0.0",,"WR","Green Bay Packers",,
"c7b5f2f6-924f-4c6f-b433-280786c7bf7b","Austin","Trammell","-","0.0",,"WR","Atlanta Falcons",,
"c7b6e070-dd33-47e4-84db-86c1d43ab69a","Matt","Slater","-","0.0",,"WR","New England Patriots",,
"c4075870-d694-404e-8ba0-aef654094eb2","JoJo","Natson","-","0.0",,"WR","Cleveland Browns",,
"c4bb1e66-5582-4d2d-8c6d-1960816009bc","Denzel","Mims","-","0.0",,"WR","NY Jets",,
"c4e80022-e064-4fc0-982c-2d89df5f999c","Cody","White","-","0.0",,"WR","Pittsburgh Steelers",,
"c53e79b2-d0ac-48e9-8d71-26d21b5be2c8","Dare","Ogunbowale","-","0.0",,"RB","Jacksonville Jaguars",,
"c6209324-a11b-4062-8223-3c0c9d55e918","Jeff","Driskel","-","0.0",,"TE","Houston Texans",,
"c66284df-9ddf-41ea-82b8-67f9da136bfe","Kellen","Mond","-","0.0",,"QB","Minnesota Vikings",,
"c6af7c67-a082-42cb-b644-494620ad2c95","Kylin","Hill","-","0.0",,"RB","Green Bay Packers",,
"e456a8ad-d549-4d29-b3ad-c61a470b8d95","Jordan","Akins","-","0.0",,"TE","Houston Texans",,
"e4f226fe-7718-478f-809e-6038a8838f86","Steven","Montez","-","0.0",,"QB","Detroit Lions",,
"e53320d0-8cf8-479b-a5ad-6320656c8ca9","Stephen","Sullivan","-","0.0",,"TE","Carolina Panthers",,
"e53da8a4-c73e-45eb-807b-0e16e5f2f6cf","Aaron","Parker","-","0.0",,"WR","Carolina Panthers",,
"e58541a1-fca1-438e-b817-325c3e0527cd","Kurt","Benkert","-","0.0",,"QB","Green Bay Packers",,
"e5c38cf9-117f-4620-8fc9-8db922d1f446","Kyle","Trask","-","0.0",,"QB","Tampa Bay Buccaneers",,
"e38688e7-27dc-4bf9-bbbc-054249a03809","Tyler","Kroft","-","0.0",,"TE","NY Jets",,
"e641f1d1-6936-4c99-9b79-39ef2e4e0cce","Derrick","Gore","-","0.0",,"RB","Kansas City Chiefs",,
"e869f4ae-1b54-40d0-a382-fa996eebbe52","Cameron","Batson","-","0.0",,"WR","Tennessee Titans",,
"e872c18f-b1e1-4830-bc72-0fe2a12952ba","Nick","Bellore","-","0.0",,"RB","Seattle Seahawks",,
"e95e2fa7-9baa-46c7-8957-f519e5c11b9d","Damarea","Crockett","-","0.0",,"RB","Denver Broncos",,
"e9d25c52-de8a-43a8-aed9-70d9d67c71f5","Josh","Hammond","-","0.0",,"WR","Jacksonville Jaguars",,
"e3b59cfb-389c-41ab-bb97-2969b0b2333c","Rex","Burkhead","-","0.0",,"RB","Houston Texans",,
"e3e0d019-8d43-439f-a4c1-7ce748bf1b46","Jason","Croom","-","0.0",,"TE","Philadelphia Eagles",,
"e3fe7697-6184-4ee7-b856-154e1e67d0a7","Josh","Rosen","-","0.0",,"QB","Atlanta Falcons",,
"e43c542c-239a-4b00-aed5-2e517b427e30","Trey","Edmunds","-","0.0",,"RB","Pittsburgh Steelers",,
"dea21afc-50a2-4f88-bbfc-0b582b32eb88","Mack","Hollins","-","0.0",,"WR","Miami Dolphins",,
"de8c6654-77f6-480c-a6a0-a9cb19485013","Mike","Boone","-","0.0",,"RB","Denver Broncos",,
"e2df297c-2077-458c-a1a2-9b1fee65937f","Allen","Hurns","-","0.0",,"WR","Miami Dolphins",,
"e279fe5c-8e4f-4585-97f3-c95ce1ce2c9b","Myron","Mitchell","-","0.0",,"WR","Minnesota Vikings",,
"e07321ac-91a4-4d5d-bb56-bb7ec8542307","Briley","Moore-McKinney","-","0.0",,"TE","Tennessee Titans",,
"df76e939-2954-4b5d-baa7-9d8ea615a619","Jake","Fromm","-","0.0",,"QB","NY Giants",,
"91dde494-c9a7-4f46-8c74-72fd9abe7ff2","Corey","Clement","-","0.0",,"RB","Dallas Cowboys",,
"9087216c-4a6c-42a7-ba75-0623361d60fa","Nick","Boyle","-","0.0",,"TE","Baltimore Ravens",,
"923d374e-d3d1-46a1-b13d-aa56c56ae866","Ben","DiNucci","-","0.0",,"QB","Dallas Cowboys",,
"8eddeb20-dab7-43fd-aa18-05e6e7badc52","Davis","Mills","-","0.0",,"QB","Houston Texans",,
"8e933195-36b7-474f-9e07-8d33ad28a405","T.J.","Vasher","-","0.0",,"WR","Dallas Cowboys",,
"9d3fe9ba-137d-4db3-aadc-3dd7f3647243","Andy","Janovich","-","0.0",,"RB","Cleveland Browns",,
"9b66fe17-0b8f-4ea5-a891-40e84b23667a","Jaydon","Mickens","-","0.0",,"WR","Jacksonville Jaguars",,
"9c84fe3a-29a0-4d51-9fe9-e65cd8e5b44a","Tavon","Austin","-","0.0",,"WR","Jacksonville Jaguars",,
"9bd39e8f-6eb2-4db1-9afb-abb590caf0e5","Darrell","Daniels","-","0.0",,"TE","Arizona Cardinals",,
"9e8712c3-81ba-49fe-8106-1815eec0f9ff","C.J.","Board","-","0.0",,"WR","NY Giants",,
"9f525dae-1c7f-4f83-8d75-fd18976ad310","Trent","Taylor","-","0.0",,"WR","Cincinnati Bengals",,
"9faa8e2e-f9f5-46fc-a48c-dd02712c899e","Jaylen","Samuels","-","0.0",,"RB","Houston Texans",,
"9dff1da2-fea6-46a3-81de-eea4bf77cb28","Devin","Asiasi","-","0.0",,"TE","New England Patriots",,
"9df6b003-3d48-46fc-8b65-3ac8d2edd69d","Drew","Sample","-","0.0",,"TE","Cincinnati Bengals",,
"9d4ea084-1850-414f-9550-1420f8661aa1","Zach","Gentry","-","0.0",,"TE","Pittsburgh Steelers",,
"9613fee1-7b6d-4c51-8cc4-a567f528c079","Albert","Okwuegbunam","-","0.0",,"TE","Denver Broncos",,
"96768452-2ded-4cdf-9d2e-21072f4cd7a9","Gus","Edwards","-","0.0",,"RB","Baltimore Ravens",,
"928413db-83a6-4689-a5db-c9e3c9691018","Tyrod","Taylor","-","0.0",,"QB","Houston Texans",,
"92c05e10-6719-4130-9a3c-f2d17dc7527e","Travis","Benjamin","-","0.0",,"WR","San Francisco 49ers",,
"93fe7b7a-3b21-4ca5-9dd9-82a666ad5c66","Logan","Woodside","-","0.0",,"QB","Tennessee Titans",,
"940bbe28-a0aa-49e0-be02-bfe077602aa5","Boston","Scott","-","0.0",,"RB","Philadelphia Eagles",,
"c3b7fb5a-7a19-4619-a8c5-938f315871c9","Johnny","Stanton","-","0.0",,"RB","Cleveland Browns",,
"c2ac9bd3-395e-439b-a8c2-478b00d8e002","Kevin","Rader","-","0.0",,"TE","Pittsburgh Steelers",,
"c279f632-a321-4fac-800e-8cf81b070973","Jordan","Veasy","-","0.0",,"WR","Houston Texans",,
"c25e5932-904d-440d-8f22-3c26523a4d9a","Nick","Eubanks","-","0.0",,"TE","Detroit Lions",,
"c191623d-e5ed-42e4-96fd-618a138de911","River","Cracraft","-","0.0",,"WR","San Francisco 49ers",,
"c0f3c6b2-4880-4d38-bb63-f9f674b29bab","Dax","Milne","-","0.0",,"WR","Washington Football Team",,
"a2de526e-9af8-4ad8-b8b6-45c97a8943d5","Brandon","Smith","-","0.0",,"WR","Dallas Cowboys",,
"a2bd3bb9-afcc-40f1-8db1-7777e704ccce","Tommy","Hudson","-","0.0",,"TE","Tennessee Titans",,
"a2799f87-4f69-44b4-a109-0ee1dfa00a13","Geronimo","Allison","-","0.0",,"WR","Detroit Lions",,
"a0e6e620-0754-4557-a960-0c99252c056a","Kene","Nwangwu","-","0.0",,"RB","Minnesota Vikings",,
"0fcb442d-754b-4f14-9f9d-355ada3533cb","Eric","Tomlinson","-","0.0",,"TE","Baltimore Ravens",,
"085ede47-296f-4c3a-a27e-7cb0d799570b","Codey","McElroy","-","0.0",,"TE","Tampa Bay Buccaneers",,
"090645e2-c713-4d7f-a917-d1640e7e6db8","Justin","Watson","-","0.0",,"WR","Tampa Bay Buccaneers",,
"092cea10-70f1-4e07-8cc0-428bfc1f2320","Danny","Amendola","-","0.0",,"WR","Houston Texans",,
"0a0898fa-d019-491a-a313-c7b75f77835c","Andrew","Beck","-","0.0",,"RB","Denver Broncos",,
"0ad3a778-9967-4f1a-97c2-b293964c106a","Hunter","Kampmoyer","-","0.0",,"TE","Los Angeles Chargers",,
"0c16442a-e9d5-4a24-a3e3-0d5cec881d40","Asim","Rose","-","0.0",,"RB",,,
"0c559d08-473d-46f2-90ca-84b7ff88cc15","Rico","Dowdle","-","0.0",,"RB","Dallas Cowboys",,
"0d09e91d-3e12-4593-9a0d-8cb028f6a9be","Jake","Browning","-","0.0",,"QB","Cincinnati Bengals",,
"0e6abc4f-6735-43aa-b040-bfa773da3a5d","Kendall","Blanton","-","0.0",,"TE","Los Angeles Rams",,
"0f6dc459-5386-4108-b81a-0355354ca636","Irv","Smith","-","0.0",,"TE","Minnesota Vikings",,
"070ba684-e871-4069-acaa-8ab9c4f29a75","D'Wayne","Eskridge","-","0.0",,"WR","Seattle Seahawks",,
"06b98278-9525-4a29-9da4-0409caf1c445","Lynn","Bowden","-","0.0",,"WR","Miami Dolphins",,
"07dcd891-5e2c-4ac7-a9f6-859cad819f62","Xavier","Jones","-","0.0",,"RB",,,
"078bea02-dcf6-41d8-97c2-2b1e6da64427","Jalen","Camp","-","0.0",,"WR","Houston Texans",,
"024c7945-7a21-435b-bd88-8690b7592c1d","Malik","Taylor","-","0.0",,"WR","Green Bay Packers",,
"023c8a5d-703c-424c-a0b9-10f13e5eda20","Quintin","Morris","-","0.0",,"TE","Buffalo Bills",,
"00ded5a4-9ab8-4dfa-bb0f-ef1c4a36a5f2","Matt","LaCosse","-","0.0",,"TE","New England Patriots",,
"00d7fbe7-16cb-4b6c-b949-3efae1c331d7","Trishton","Jackson","-","0.0",,"WR","Minnesota Vikings",,
"00bd4faf-06c6-4204-9813-3642b70c5760","Jamison","Crowder","-","0.0",,"WR","NY Jets",,
"02c2f775-cf7e-497a-9baf-4db6375748c5","Travis","Homer","-","0.0",,"RB","Seattle Seahawks",,
"007ca6e0-31f1-4c42-b113-c630f67d34a4","Marcedes","Lewis","-","0.0",,"TE","Green Bay Packers",,
"7132c464-2f70-4784-aca0-1ac226f59ea1","Robert","Foster","-","0.0",,"WR","Dallas Cowboys",,
"725aa10a-4e56-4473-85a6-af89d8ebc8da","C.J.","Ham","-","0.0",,"RB","Minnesota Vikings",,
"72663301-5350-43a4-8c50-37b642d1f247","Jack","Stoll","-","0.0",,"TE","Philadelphia Eagles",,
"71fc1926-0b9f-445d-9ef7-412896864a48","Brycen","Hopkins","-","0.0",,"TE","Los Angeles Rams",,
"6b67f28c-026c-4af7-95e1-6a6468d1d6f8","Phillip","Lindsay","-","0.0",,"RB","Miami Dolphins",,
"69bb89e4-51b7-4992-9520-45194513b5a1","DaeSean","Hamilton","-","0.0",,"WR","Denver Broncos",,
"6a4385c6-310a-4ccf-b81d-3b6bd32a7dc3","Farrod","Green","-","0.0",,"TE","Indianapolis Colts",,
"6a82011d-1c53-4e52-aa37-c4abbdde843f","Ty","Johnson","-","0.0",,"RB","NY Jets",,
"6b274c12-8741-4463-978e-b0f9e26a116e","Dillon","Stoner","-","0.0",,"WR","Las Vegas Raiders",,
"6b3c3c4c-d653-4d6a-81b9-5101e118ec3e","Greg","Dortch","-","0.0",,"WR","Arizona Cardinals",,
"6b4ebfc3-a3da-47bc-a605-8e613138b4bf","Thaddeus","Moss","-","0.0",,"TE","Cincinnati Bengals",,
"6b67dd02-3a46-4f6d-a265-1dc61e8383f0","Joe","Reed","-","0.0",,"WR","Los Angeles Chargers",,
"f0222d58-77a1-4858-9aa8-f268cf943980","Josh","Adams","-","0.0",,"RB","New Orleans Saints",,
"f055348a-c29b-4fda-83af-481408552661","Malik","Turner","-","0.0",,"WR","Dallas Cowboys",,
"f0b11370-dd21-46ca-ae40-d9ce75c5c3c1","LeVante","Bellamy","-","0.0",,"RB",,,
"f17406b2-7430-440a-ae99-e182637f6560","Dez","Fitzpatrick","-","0.0",,"WR","Tennessee Titans",,
"f1d0e9b5-1fa1-45c8-8276-246a7530d53e","Jakob","Johnson","-","0.0",,"RB","New England Patriots",,
"f2655cd0-3736-48b1-a76c-02c4d317ddc0","Darwin","Thompson","-","0.0",,"RB","Tampa Bay Buccaneers",,
"f29ded06-baf1-4a95-a25b-cb6849cc9bff","Easton","Stick","-","0.0",,"QB","Los Angeles Chargers",,
"efc575f2-d68c-4d60-a2e7-d00d4cf13ef9","Jamal","Agnew","-","0.0",,"WR","Jacksonville Jaguars",,
"ef37c6c2-b803-438e-815e-2eb85a815e8b","Greg","Ward","-","0.0",,"WR","Philadelphia Eagles",,
"ee184938-d7b9-4d4a-8610-75518633d4c7","Isaiah","McKenzie","-","0.0",,"WR","Buffalo Bills",,
"f2e63782-cb9b-41ff-b306-10cd40597b7e","J.D.","McKissic","-","0.0",,"RB","Washington Football Team",,
"894c9d9f-f55e-4a6d-8632-51f584c8e6d9","Cody","Thompson","-","0.0",,"WR","Seattle Seahawks",,
"880d0e74-1c17-44b1-902a-2abc364a14cf","Nick","Foles","-","0.0",,"QB","Chicago Bears",,
"6fddd8ad-4f96-4daf-8952-1f068e46c9b3","K.J.","Hamler","-","0.0",,"WR","Denver Broncos",,
"6e528248-1584-4bed-a342-578f155c0ad6","Kaden","Smith","-","0.0",,"TE","NY Giants",,
"70a3195b-8210-4aff-b870-cf6548176f0f","Ke'Shawn","Vaughn","-","0.0",,"RB","Tampa Bay Buccaneers",,
"6eb0df2c-08a4-4db6-bd7d-2f88ad118ce4","Nico","Collins","-","0.0",,"WR","Houston Texans",,
"6f7fff96-09a2-46cb-b88e-6aaaf3c072a0","D.J.","Chark","-","0.0",,"WR","Jacksonville Jaguars",,
"6cff3b67-da01-41e4-85c1-52772a5b54a2","Deon","Jackson","-","0.0",,"RB","Indianapolis Colts",,
"6d6751d1-7dc1-4176-8ce0-8a6c2f8aa22a","Jacoby","Brissett","-","0.0",,"QB","Miami Dolphins",,
"6c5534e1-9500-419e-acfe-cc0d1a9dbd92","Zach","Wilson","-","0.0",,"QB","NY Jets",,
"f6c0eccc-529c-4fc5-ab8d-69d9d2f5cb14","Patrick","Taylor","-","0.0",,"RB","Green Bay Packers",,
"f5458bff-ba34-4187-948f-003869574df3","Jacob","Harris","-","0.0",,"TE","Los Angeles Rams",,
"f65e8192-8940-462d-be9e-7773c1ee8a37","David","Sills","-","0.0",,"WR","NY Giants",,
"f362a366-5e78-4d53-a8ef-441992ee661a","Hunter","Long","-","0.0",,"TE","Miami Dolphins",,
"f3ed17c8-37f7-4854-926a-74ab8ad664b0","Ryan","Nall","-","0.0",,"RB","Chicago Bears",,
"f46d18bc-bb80-43c1-86de-f394ab896ad1","Josh","Johnson","-","0.0",,"RB","Seattle Seahawks",,
"5d74ef75-b19b-49ed-b8b3-e4b1ffad8d37","Deshaun","Watson","-","0.0",,"QB","Houston Texans",,
"5aa522e1-5b32-40c0-b941-8ea2ef14e393","La'Mical","Perine","-","0.0",,"RB","NY Jets",,
"5acd1838-91cc-4c0f-abac-674c66a7f562","Tanner","Hudson","-","0.0",,"TE","San Francisco 49ers",,
"5b33ba69-c6f4-4081-b3a8-8737e8160e6c","Travis","Fulgham","-","0.0",,"WR","Denver Broncos",,
"5bd2f90e-ebd9-46e2-8b7f-d9e4d177e28c","Tre","Nixon","-","0.0",,"WR","New England Patriots",,
"5c10f9b6-6be6-4e2f-a0d0-e651423f6928","Gary","Brightwell","-","0.0",,"RB","NY Giants",,
"5c6badb9-c693-4df2-8f9d-726ecc254630","Trace","McSorley","-","0.0",,"QB","Arizona Cardinals",,
"5d200f68-3618-4352-89bb-2b26f680dfb8","Shane","Buechele","-","0.0",,"QB","Kansas City Chiefs",,
"5f2975cc-1376-43f2-b1a8-76062545f1cc","Trevor","Siemian","-","0.0",,"QB","New Orleans Saints",,
"5d9705e9-cec1-40e3-8eed-eae25665be47","Nate","Sudfeld","-","0.0",,"QB","San Francisco 49ers",,
"5da74160-c212-4408-b7d2-799f2b28b355","Javon","McKinley","-","0.0",,"WR","Detroit Lions",,
"5e609f0c-73d3-44f5-8b83-fa63322c546b","Tarik","Cohen","-","0.0",,"RB","Chicago Bears",,
"5e9f1541-426e-48c0-a6d4-54dbbb1c7aef","Daurice","Fountain","-","0.0",,"WR","Kansas City Chiefs",,
"5ea32e33-48af-4be3-8b03-1dd1acf36c4a","Garrett","Griffin","-","0.0",,"TE","New Orleans Saints",,
"5ecd6a05-4020-46ac-8973-36625e40e450","Jared","Pinkney","-","0.0",,"TE","Los Angeles Rams",,
"5edbf8ec-3c02-4948-8eaa-5415f6310e9f","Keith","Kirkwood","-","0.0",,"WR","Carolina Panthers",,
"5fbf104b-24eb-4e5e-be1a-a441af6a8092","Kyle","Rudolph","-","0.0",,"TE","NY Giants",,
"d6d26aa4-b9ec-4a19-940a-1ae9fe246b81","Jakeem","Grant","-","0.0",,"WR","Chicago Bears",,
"d736e723-25fc-4cc8-bdb6-341cbca6e389","Caleb","Huntley","-","0.0",,"RB","Atlanta Falcons",,
"60c76891-3d57-483f-901b-f3dce7487ab3","Jake","Funk","-","0.0",,"RB","Los Angeles Rams",,
"6042cb04-3dc0-49f3-8c9e-f806f322ed37","Jonathan","Williams","-","0.0",,"RB","Washington Football Team",,
"63647484-c0bf-4711-8a3c-090e15100966","Laquon","Treadwell","-","0.0",,"WR","Jacksonville Jaguars",,
"6534e2df-461d-4147-8cdf-a9b1a2537452","Simi","Fehoko","-","0.0",,"WR","Dallas Cowboys",,
"64a28e88-d838-4199-990e-54d339eaf655","Matt","Bushman","-","0.0",,"TE","Las Vegas Raiders",,
"623fb306-9321-4e4b-bb71-4e495f7cc470","J.J.","Koski","-","0.0",,"WR","Los Angeles Rams",,
"7483093b-bbe8-4281-b6e4-19005a3b3666","Pharaoh","Brown","-","0.0",,"TE","Houston Texans",,
"74be0a74-4597-4e27-b300-d8b336d13e30","Keelan","Doss","-","0.0",,"WR",,,
"751ba461-1911-4f5c-a59a-b9419ad31f6c","Ray-Ray","McCloud","-","0.0",,"WR","Pittsburgh Steelers",,
"72f583b5-d57d-4203-a0b5-cae9f297c2c4","Cooper","Rush","-","0.0",,"QB","Dallas Cowboys",,
"7308ff7e-064f-4707-9c56-c1791d74e9ed","Brevin","Jordan","-","0.0",,"TE","Houston Texans",,
"733b88ea-51c5-4053-aa42-da51c8435770","Drew","Lock","-","0.0",,"QB","Denver Broncos",,
"5a073ddc-14a6-41d1-bdbd-9494c799a28d","AJ","McCarron","-","0.0",,"QB","Atlanta Falcons",,
"532fa60d-b7cd-495f-8f65-7ddc1a167526","Troy","Fumagalli","-","0.0",,"TE","New England Patriots",,
"5389fe40-bab8-4093-a8b1-0d117bf7639f","Jordan","Matthews","-","0.0",,"TE","San Francisco 49ers",,
"53c68d0f-c4e8-4981-bed8-44d58f7e54e2","Antony","Auclair","-","0.0",,"TE","Houston Texans",,
"54a64daf-2f05-408a-9cf3-88379e526661","Stephen","Anderson","-","0.0",,"TE","Los Angeles Chargers",,
"54dd5510-8703-4713-9368-9cfee6d3f52f","Garrett","Gilbert","-","0.0",,"QB","Washington Football Team",,
"55c719b0-90ba-4457-9dbf-352ebc86179c","Jacob","Hollister","-","0.0",,"TE","Jacksonville Jaguars",,
"55d484da-f26b-4324-95a9-f4f8b425f89c","Lil'Jordan","Humphrey","-","0.0",,"WR","New Orleans Saints",,
"56cf8fff-6ed4-4022-8d17-d47ae82b2002","Adam","Shaheen","-","0.0",,"TE","Miami Dolphins",,
"57ef2c98-de48-4571-8e61-b28f9216e330","Tyler","Davis","-","0.0",,"TE","Green Bay Packers",,
"585eba7b-774c-4b2b-8f63-030213c8c414","Kirk","Merritt","-","0.0",,"WR","Miami Dolphins",,
"59e7630f-3458-4543-9915-910646b2f993","Elijah","Moore","-","0.0",,"WR","NY Jets",,
"dc469956-d8b0-4835-86f8-52b408f8552c","Antonio","Williams","-","0.0",,"RB","Buffalo Bills",,
"dc03d5c7-ab94-4494-96c3-1107d3ea7984","Reid","Sinnett","-","0.0",,"QB","Philadelphia Eagles",,
"db862363-6064-4d13-acb9-46f358b5e4b3","Kahale","Warring","-","0.0",,"TE","Buffalo Bills",,
"db42d2c7-65e0-4ba6-a061-cb40f4f4d7fa","Albert","Wilson","-","0.0",,"WR","Miami Dolphins",,
"dae1637f-16a0-4bdf-a63a-421ffe75fdb0","Trevor","Lawrence","-","0.0",,"QB","Jacksonville Jaguars",,
"dda6617c-a242-4611-85ec-4f54fc18d501","Noah","Gray","-","0.0",,"TE","Kansas City Chiefs",,
"ddda7082-a32e-44ed-8297-f763edea43f7","Tyler","Huntley","-","0.0",,"QB","Baltimore Ravens",,
"ff1b1e88-3a3f-419c-8c7f-f3037d3d4223","Jimmy","Graham","-","0.0",,"TE","Chicago Bears",,
"fee2cdb9-ee81-4b76-b77b-a0816db61c7e","Tim","Boyle","-","0.0",,"QB","Detroit Lions",,
"ff3f84b6-43c8-450b-81ba-a166d8577fb7","Connor","Wedington","-","0.0",,"WR","San Francisco 49ers",,
"ff73c0e2-299f-477b-8e75-719fe6a84fee","Trenton","Cannon","-","0.0",,"RB","San Francisco 49ers",,
"ffbba4db-9830-4568-8877-0e3bfe6b3dff","Jarrett","Stidham","-","0.0",,"QB","New England Patriots",,
"d9120f36-f58f-41ee-95b1-c74f4692af6b","Rodney","Adams","-","0.0",,"WR","Chicago Bears",,
"d88ba256-6e5c-4062-b970-3acc25bfc0f7","Alex","Erickson","-","0.0",,"WR","Carolina Panthers",,
"d9b6e1a8-dd05-4fcb-9db7-eabd3a91d92a","Tom","Kennedy","-","0.0",,"WR","Detroit Lions",,
"d9bcea78-b222-4a10-b082-f8d95469df9f","Dede","Westbrook","-","0.0",,"WR","Minnesota Vikings",,
"d9f03afa-bc3f-40ad-a6c1-36de0111bbbe","Brian","Hoyer","-","0.0",,"QB","New England Patriots",,
"d87dd14f-9e6b-4d5b-b2ee-2e1548ebdbd6","Chris","Manhertz","-","0.0",,"TE","Jacksonville Jaguars",,
"d8453c79-4a5b-4a2e-896a-d1f42bf6a30e","Mitchell","Wilcox","-","0.0",,"TE","Cincinnati Bengals",,
"d7ebf406-ffd4-4918-941e-0a62b315e26f","Ihmir","Smith-Marsette","-","0.0",,"WR","Minnesota Vikings",,
"dadb5f8d-fcab-48fb-bb98-11c47ebfb505","Tyrie","Cleveland","-","0.0",,"WR","Denver Broncos",,
"3c64ad9f-fdbe-4f5a-b1ab-15c1e8f9def0","Ty","Montgomery","-","0.0",,"WR","New Orleans Saints",,
"3cbc3962-4d02-4db0-a16c-e58fc520c0d0","Chad","Henne","-","0.0",,"QB","Kansas City Chiefs",,
"78b3aefb-3e61-4467-b7d1-68d92c23cb96","Noah","Brown","-","0.0",,"WR","Dallas Cowboys",,
"75da7a37-cc0d-4535-8b3b-fe5bd325c663","Jake","Luton","-","0.0",,"QB","Miami Dolphins",,
"756de8e5-2d1d-44bc-a532-ebab77931651","Joshua","Dobbs","-","0.0",,"QB","Pittsburgh Steelers",,
"75444e85-da44-40d5-9780-e7785fcd40a1","Parker","Hesse","-","0.0",,"TE",,,
"753326a2-5672-4535-8d41-e0f34460e19e","Kenny","Stills","-","0.0",,"WR","New Orleans Saints",,
"7793987b-5a63-4b62-a6e9-4b0cfa3ed2aa","Ian","Book","-","0.0",,"QB","New Orleans Saints",,
"77fe6a1c-f418-472c-b2d4-f22431eba073","Harrison","Bryant","-","0.0",,"TE","Cleveland Browns",,
"43b7950b-589f-4bfb-af3f-46e673048179","Mason","Schreck","-","0.0",,"TE","Cincinnati Bengals",,
"43981c00-1442-48a7-88ba-4e0798faae2e","Christopher","Herndon","-","0.0",,"TE","Minnesota Vikings",,
"4429274b-1c6d-4483-9c72-29dd37018aaa","Colt","McCoy","-","0.0",,"QB","Arizona Cardinals",,
"42290ce5-d1a9-4c70-85b5-5f072e705df2","Isaiah","Hodgins","-","0.0",,"WR","Buffalo Bills",,
"36ecbfe5-e6ae-4f73-8b08-ac8a0d2037b5","Phillip","Walker","-","0.0",,"QB","Carolina Panthers",,
"379fe2c1-6e65-43d3-b562-1fdfeae9758b","Taiwan","Jones","-","0.0",,"RB","Buffalo Bills",,
"375572a0-e88f-4fcc-a842-2aed4b1019d1","Jeff","Cotton","-","0.0",,"WR","Jacksonville Jaguars",,
"3531cb61-0833-4f75-ac48-ce744fa1238e","Richie","James","-","0.0",,"WR","San Francisco 49ers",,
"35d22d80-59d4-4a68-81f8-b5c0acda5a45","Sean","McKeon","-","0.0",,"TE","Dallas Cowboys",,
"347e1f36-b671-493d-9c36-9794080eced7","Sewo","Olonilua","-","0.0",,"RB","Dallas Cowboys",,
"33e1a2f9-f3b4-43fe-b192-c22b115925f4","Pooka","Williams","-","0.0",,"WR","Cincinnati Bengals",,
"30d86853-53b8-43b4-b0bb-c24240bde559","Kalif","Raymond","-","0.0",,"WR","Detroit Lions",,
"3081c547-4373-4696-9165-ab2881e3a1f4","Sam","Ehlinger","-","0.0",,"QB","Indianapolis Colts",,
"2f6440ce-7b37-4bed-be46-ca7fb37b9b78","J.K.","Dobbins","-","0.0",,"RB","Baltimore Ravens",,
"2ef0f5d8-2f23-4cd8-ab5a-3ca52fe3841e","Jason","Huntley","-","0.0",,"RB","Philadelphia Eagles",,
"3345a892-1a70-456c-8799-153bc5d40357","Nate","McCrary","-","0.0",,"RB","Baltimore Ravens",,
"3268f23f-e512-4e3f-8a64-4021e7fb263f","Stephen","Carlson","-","0.0",,"TE","Cleveland Browns",,
"cd580305-695b-4e7e-acc8-bcd3cc95a5a6","Eric","Ebron","-","0.0",,"TE","Pittsburgh Steelers",,
"cd5b57cb-26eb-46d4-bdaf-bdbcf9c43922","Trayveon","Williams","-","0.0",,"RB","Cincinnati Bengals",,
"ce240697-92ad-4bf1-8e8b-3d5561e49640","J.J.","Arcega-Whiteside","-","0.0",,"WR","Philadelphia Eagles",,
"ce280faf-7bb9-4b05-aab6-184aa5339507","Jeff","Smith","-","0.0",,"WR","NY Jets",,
"cfc3a9ed-1b2f-4294-92fe-c3b35853c0b3","Kawaan","Baker","-","0.0",,"WR","New Orleans Saints",,
"cfb469fa-91e9-4437-936b-2230e97c3482","Dante","Pettis","-","0.0",,"WR","NY Giants",,
"cf39198b-cfca-4b2d-9df0-4080aa9c9397","Nick","Mullens","-","0.0",,"QB","Cleveland Browns",,
"cecd4e7c-e6dd-432e-9efb-00ad88afcc6a","Josh","Hokit","-","0.0",,"RB","San Francisco 49ers",,
"b54ccc77-2a6b-4988-b616-cd2a79a855d9","Justice","Hill","-","0.0",,"RB",,,
"b58f88bf-65eb-4df5-a9b6-a4f6f480456d","Jamaal","Williams","-","0.0",,"RB","Detroit Lions",,
"b62fd075-4102-43db-8156-394919facfaf","Demetrius","Harris","-","0.0",,"TE","Arizona Cardinals",,
"b6b5e224-51b1-4d43-9cf5-351d967abe77","Mike","White","-","0.0",,"QB","NY Jets",,
"b6e8ce87-cd28-4a8b-8d9a-fa8cca79a4de","Matt","Sokol","-","0.0",,"TE","Jacksonville Jaguars",,
"b7249dd9-055e-4d4f-8bba-57d9d470ca38","Kristian","Wilkerson","-","0.0",,"WR","New England Patriots",,
"ba822c24-3ca2-4867-996a-9b142b0e8210","Steven","Sims","-","0.0",,"WR","Pittsburgh Steelers",,
"b85e79e8-6628-408c-b264-c302a0fb6d55","Geoff","Swaim","-","0.0",,"TE","Tennessee Titans",,
"b75deec0-b328-4167-b051-dd16228e6abf","Diontae","Spencer","-","0.0",,"WR","Denver Broncos",,
"b9e88fd1-c285-4b1e-a002-f6595b6653b5","Cade","Johnson","-","0.0",,"WR","Seattle Seahawks",,
"b9401ff5-0a73-4fe8-a8be-0930131f7469","Seth","Williams","-","0.0",,"WR","Denver Broncos",,
"b9106bca-28d6-4552-b2ab-29df16abc7df","Reggie","Gilliam","-","0.0",,"RB","Buffalo Bills",,
"b87401e8-5457-48e7-8f0b-f901bdc38eec","Kenny","Yeboah","-","0.0",,"TE","NY Jets",,
"83310210-860c-4f0c-82de-0743aa82813f","James","Proche","-","0.0",,"WR","Baltimore Ravens",,
"832768ea-8a9e-4605-87ed-8d4ec7783de7","Trenton","Irwin","-","0.0",,"WR","Cincinnati Bengals",,
"82f60b21-9c86-4015-ad57-7ba4beae3f92","Ben","Ellefson","-","0.0",,"TE","Minnesota Vikings",,
"876446a7-4760-42be-8c74-dc666ef209ba","Ja'Marcus","Bradley","-","0.0",,"WR","Cleveland Browns",,
"81deb068-a6dc-4b0e-a045-458e1a24751e","Ethan","Wolf","-","0.0",,"TE","New Orleans Saints",,
"847f21d9-fad8-464d-be60-f87a76e9e5a5","Rico","Gafford","-","0.0",,"WR","Denver Broncos",,
"84a2cd52-a588-4559-8ea2-799f09b5a673","Racey","McMath","-","0.0",,"WR","Tennessee Titans",,
"84a3752f-f50a-44bc-bcf4-120d1edf8e7b","Marcus","Johnson","-","0.0",,"WR","Tennessee Titans",,
"84fe36e1-045c-4ac9-83aa-0b8607a3c633","Patrick","Laird","-","0.0",,"RB","Miami Dolphins",,
"85eb2b69-a4a2-4b74-9c9a-a84fb1f2df72","Feleipe","Franks","-","0.0",,"QB","Atlanta Falcons",,
"824d4d49-cea0-4290-9111-fa6ca0716053","Tory","Carter","-","0.0",,"RB","Tennessee Titans",,
"8269c858-6f98-4bf8-b434-d7565f5dc97a","Jason","Moore","-","0.0",,"WR","Los Angeles Chargers",,
"83b91f62-9954-4265-9d85-6de00073ec18","Deon","Yelder","-","0.0",,"TE","NY Giants",,
"8086fd54-ffb4-4e54-930a-8c366b4eb10b","Chase","Daniel","-","0.0",,"QB","Los Angeles Chargers",,
"80f1d897-1a9a-4551-acde-c508f50fe210","John","Kelly","-","0.0",,"RB","Cleveland Browns",,
"80d0bc69-252a-440e-8c09-0821e24305ce","Antonio","Gandy-Golden","-","0.0",,"WR","Washington Football Team",,
"80a76bc5-577a-420c-89f8-9a26cb1bc6a0","Jermar","Jefferson","-","0.0",,"RB","Detroit Lions",,
"7d41a0ef-c5ff-4363-a8a1-d7da672768c6","Penny","Hart","-","0.0",,"WR","Seattle Seahawks",,
"7e45bae3-0199-4eae-aab8-88ef500f9537","Will","Dissly","-","0.0",,"TE","Seattle Seahawks",,
"7e563f6f-af41-4aa1-b4ef-586afb3650ad","Frank","Darby","-","0.0",,"WR","Atlanta Falcons",,
"7e89abb9-d706-4215-bfbe-1b505639ee8e","J.P.","Holtz","-","0.0",,"TE","Chicago Bears",,
"7ad58719-06e7-4aca-9651-abad53761685","Damiere","Byrd","-","0.0",,"WR","Chicago Bears",,
"7aebd513-9839-42fc-b90b-0117a209f340","John","Raine","-","0.0",,"TE","Atlanta Falcons",,
"7bd27d8b-47f3-4c5c-bd4a-06bd49c02e33","Mekhi","Sargent","-","0.0",,"RB","Los Angeles Rams",,
"7d402fc4-b4d6-4dd1-b3f4-5840d6db78f6","James","Robinson","-","0.0",,"RB","Jacksonville Jaguars",,
"b2672bb6-feea-4a3a-aeaf-449ada4d18e1","Dan","Arnold","-","0.0",,"TE","Jacksonville Jaguars",,
"b2a45f7d-6d97-4a74-8a62-96b7620769f1","Jaeden","Graham","-","0.0",,"TE","Atlanta Falcons",,
"b2d7d658-1d4e-4c50-b716-d8e480eb10ad","Marcus","Kemp","-","0.0",,"WR","Kansas City Chiefs",,
"b2ff371b-8774-42f3-ba3d-4d01ac292326","KJ","Hill","-","0.0",,"WR","Los Angeles Chargers",,
"b35c3fef-3f14-478c-97b0-774148005731","Christian","Blake","-","0.0",,"WR","Atlanta Falcons",,
"b3a4251e-5ec2-4684-af12-27dcc1bc2066","Blake","Bell","-","0.0",,"TE","Kansas City Chiefs",,
"b02c0bc3-db3c-4737-a2be-64b597424e59","Raheem","Mostert","-","0.0",,"RB","San Francisco 49ers",,
"b174ec25-dcd8-48cf-8833-d8261ba3a3da","Cethan","Carter","-","0.0",,"TE","Miami Dolphins",,
"b1a99d75-7531-4714-bb0b-bdb0b0cde03f","Bryce","Perkins","-","0.0",,"QB","Los Angeles Rams",,
"18329224-f692-4a09-958c-6fca93c480b2","Joe","Flacco","-","0.0",,"QB","NY Jets",,
"1382c2fa-2e5c-4984-a78b-fdcb73b5c544","T.J.","Hockenson","-","0.0",,"TE","Detroit Lions",,
"14096d62-3474-4104-8278-fbeccaf0dff9","Daniel","Brown","-","0.0",,"TE","NY Jets",,
"14615e92-ff9a-4297-9c1f-b032941e1425","Cyril","Grayson","-","0.0",,"WR","Tampa Bay Buccaneers",,
"15842083-998a-433d-b166-1a265951c541","Shi","Smith","-","0.0",,"WR","Carolina Panthers",,
"16a3a3bb-4321-494e-85e8-128b571bd7b5","Kyle","Shurmur","-","0.0",,"QB","Washington Football Team",,
"180dec5a-3df2-4aeb-8f19-6b6cac2b4397","James","White","-","0.0",,"RB","New England Patriots",,
"1097efae-b7c7-4f29-9bdc-e780665ccb84","Keelan","Cole","-","0.0",,"WR","NY Jets",,
"1a3ddf4c-d0b1-4893-884a-e78ed9fd9b77","JaQuan","Hardy","-","0.0",,"RB","Dallas Cowboys",,
"1a3c5e0f-b110-4175-b1d6-dc5e4f85ee1c","Marquez","Stevenson","-","0.0",,"WR","Buffalo Bills",,
"192b5c6a-4438-4a3f-824f-75aa9515837c","Anthony","McFarland","-","0.0",,"RB","Pittsburgh Steelers",,
"18db99c4-c4df-425b-ae58-d48dd3b38307","Josh","Reynolds","-","0.0",,"WR","Detroit Lions",,
"189b1a6c-c808-47ca-984a-efbb1602427c","Patrick","Ricard","-","0.0",,"RB","Baltimore Ravens",,
"1b1c1d43-561f-47c4-9f00-587ba7fbe590","Marken","Michel","-","0.0",,"WR","Washington Football Team",,
"1b5f9642-652f-4b4a-8f8d-4ba02dd2780a","De'Mornay","Pierson-El","-","0.0",,"WR","Denver Broncos",,
"120b8510-df91-459a-9a6d-f62d77571fad","Olabisi","Johnson","-","0.0",,"WR","Minnesota Vikings",,
"1213bb5b-f5dc-447d-8300-918de7aedc26","Jesse","James","-","0.0",,"TE","Chicago Bears",,
"12af17ed-4b81-4086-80e2-3a781a4d9d46","Kyle","Lauletta","-","0.0",,"QB","Cleveland Browns",,
"12bbfe95-6f73-4b46-96fc-596b08a47471","Corey","Davis","-","0.0",,"WR","NY Jets",,
"12d3c39d-86e6-4195-99dc-bcc8fbcef1f5","KeeSean","Johnson","-","0.0",,"WR","Philadelphia Eagles",,
"13549587-2ac5-477f-b200-76ffb3f73cc8","Michael","Thomas","-","0.0",,"WR","New Orleans Saints",,
"1379eda0-33d4-4f10-9a2c-305640c98dc4","Tony","Poljan","-","0.0",,"TE","Baltimore Ravens",,
"1df16ef8-9329-4415-b32c-a2cc5ed8e20b","Marvin","Jones","-","0.0",,"WR","Jacksonville Jaguars",,
"1cb65d3e-183c-4959-96a3-12ae36ba2b6b","Levine","Toilolo","-","0.0",,"TE","NY Giants",,
"1e9281a1-88bd-4876-ae7f-81ddb682fc98","Chris","Conley","-","0.0",,"WR","Houston Texans",,
"1f82df74-c365-45b0-af4b-11cd4a2efae6","Brett","Rypien","-","0.0",,"QB","Denver Broncos",,
"1ef9a79f-9328-4cee-a09a-41b4f17f8946","Ashton","Dulin","-","0.0",,"WR","Indianapolis Colts",,
"1f4d2bf5-a9d5-4291-a613-135cc8cae311","Brandon","Allen","-","0.0",,"QB","Cincinnati Bengals",,
"d3e37a7f-e9d1-4ba1-97d2-608e8d2c0cfd","Jordan","Wilkins","-","0.0",,"RB","Tennessee Titans",,
"d38ea460-efb0-4fba-9e14-b61100ec618f","Keith","Smith","-","0.0",,"RB","Atlanta Falcons",,
"d28b7dca-8252-4a00-bcae-f450188fca6f","Travis","Etienne","-","0.0",,"RB","Jacksonville Jaguars",,
"d207d463-2d3a-4b38-bb0e-15f6c3e757ea","Chris","Streveler","-","0.0",,"QB","Baltimore Ravens",,
"d19617ac-e226-412b-aca7-dfa91c3e51bf","Charlie","Woerner","-","0.0",,"TE","San Francisco 49ers",,
"d4d037e5-4d79-454c-932d-f5d1c6757b4a","Luke","Farrell","-","0.0",,"TE","Jacksonville Jaguars",,
"d4d575b5-762f-43b2-a6f5-cb39b1417dff","Dazz","Newsome","-","0.0",,"WR","Chicago Bears",,
"d4d6e605-f8db-4e87-9547-d36520cb22ab","Jake","Bargas","-","0.0",,"RB","Minnesota Vikings",,
"d598bba8-26a3-4eb6-b148-e551a58cfc34","Elijhaa","Penny","-","0.0",,"RB","NY Giants",,
"d41e10f8-98a3-4b77-bcfb-86184b2ba4e9","Jesper","Horsted","-","0.0",,"TE","Chicago Bears",,
"97a6876a-3117-4431-9258-55fec5ad7f0a","Dominique","Dafney","-","0.0",,"TE","Green Bay Packers",,
"97aa1434-1a79-49e2-926e-a7610b0b0f13","Andy","Isabella","-","0.0",,"WR","Arizona Cardinals",,
"97b3a592-ac57-4b7c-a2b9-8fe49e59d692","John","Wolford","-","0.0",,"QB","Los Angeles Rams",,
"9906b657-90d5-4b8d-94b9-0468ed948306","Colby","Parkinson","-","0.0",,"TE","Seattle Seahawks",,
"97543d7c-d5bb-4098-b464-3abfbb160aa2","Tylan","Wallace","-","0.0",,"WR","Baltimore Ravens",,
"ae035897-28c9-43d2-a791-461daaafea4c","Dalton","Keene","-","0.0",,"TE","New England Patriots",,
"ace32473-5c09-4870-8bd0-f33664383bbe","Rysen","John","-","0.0",,"TE","NY Giants",,
"acc7e755-1f9e-4133-aa41-301340c4fc82","Tyler","Mabry","-","0.0",,"TE","Seattle Seahawks",,
"ad9ff6e5-fd2d-44aa-9d2e-eac17b144737","Eric","Saubert","-","0.0",,"TE","Denver Broncos",,
"adcfe40f-958d-4b79-a53f-1ec0e45e5de2","Malcolm","Perry","-","0.0",,"WR","New Orleans Saints",,
"addbde8f-73b2-4d89-9a76-0163e7884af8","Dwayne","Washington","-","0.0",,"RB","New Orleans Saints",,
"9a76dd66-f156-43cd-aacf-166bb4a86735","Gehrig","Dieter","-","0.0",,"WR","Kansas City Chiefs",,
"9a965a8c-e1f5-424c-a54c-905cd2ca947d","Braxton","Berrios","-","0.0",,"WR","NY Jets",,
"9a3dd267-9a88-4f97-a30c-7ed7d4187445","Ryan","Griffin","-","0.0",,"TE","NY Jets",,
"99efa6f5-84d0-4cbb-b502-63b8b0d9f89c","Vyncint","Smith","-","0.0",,"WR","NY Jets",,
"99ad7c97-e1cc-4740-ad9e-0c84219d50cd","Stanley","Morgan","-","0.0",,"WR","Cincinnati Bengals",,
"995fd6f9-a8bf-4790-9a74-73166d9f1265","Blaine","Gabbert","-","0.0",,"QB","Tampa Bay Buccaneers",,
"9940728e-9554-49c8-b2fe-0198e45fb72b","Matt","Barkley","-","0.0",,"QB","Carolina Panthers",,
"aecde50f-6f5a-45bd-a8f1-bebfcd77b5da","Miles","Boykin","-","0.0",,"WR","Baltimore Ravens",,
"aecb7b70-1d27-4dd9-a582-199b805a695e","Osirus","Mitchell","-","0.0",,"WR","Dallas Cowboys",,